Workbook

Sheet OVN Audiences
A2: x
A3: x
A4: x
A5: x
A6: x
A7: x
A8: x | Q8: All Individuals 4+ (1 Minute) | U8: Men 16-34 (1 Minute) | Y8: Adults 16+ (1 Minute)
A9: Type | B9: Competition | C9: Home Team | D9: Away Team | E9: Type of programme | F9: Time slot | G9: TV Package | H9: Date | I9: Season | J9: Day | K9: Programme Title | L9: Channel | M9: Broadcaster | N9: Start Time | O9: End Time | P9: Duration | Q9: 000's | R9: TVR | S9: Share | T9: Peak | U9: 000's | V9: TVR | W9: Share | X9: Peak | Y9: 000's | Z9: TVR | AA9: Share | AB9: Peak | AC9: OTT Total Audience | AD9: PC/Laptop | AE9: Tablet | AF9: Smart Phone | AG9: Match Type | AH9: Matchweek
A10: OVN | B10: Scottish Premiership | C10: Motherwell | D10: Rangers | E10: Live | F10: 0.72916667 | H10: 45871 | I10: 2025/26 | J10: Sat | K10: Whistle-to-Whistle | L10: Sky Sports Main Event | M10: Sky Sports | N10: 0.72916667 | O10: 0.80694444 | P10: 0.077777778 | Q10: 173.3 | R10: 0.281 | S10: 2.139 | T10: 242.8 | U10: 13.9 | V10: 0.191 | W10: 6.891 | X10: 40.2 | Y10: 171.5 | Z10: 0.325 | AA10: 2.188 | AB10: 237.2 | AH10: =IF(AND(B10="Premier League",E10="Live"),_xlfn.XLOOKUP(_xlfn.TEXTJOIN(" vs ",,C10:D10),Calendar!G:G,Calendar!B:B),IF(AND(B10="Premier League",E10="Highlights"),_xlfn.XLOOKUP(H10,Calendar!O:O,Calendar!N:N,,-1),""))
A11: OVN | B11: Scottish Premiership | C11: Motherwell | D11: Rangers | E11: Live | F11: 0.72916667 | H11: 45871 | I11: 2025/26 | J11: Sat | K11: Whistle-to-Whistle | L11: Sky Sports Football | M11: Sky Sports | N11: 0.72916667 | O11: 0.80694444 | P11: 0.077777778 | Q11: 97.5 | R11: 0.158 | S11: 1.204 | T11: 136.7 | U11: 14.2 | V11: 0.195 | W11: 7.04 | X11: 23.7 | Y11: 95.8 | Z11: 0.182 | AA11: 1.222 | AB11: 134.9 | AH11: =IF(AND(B11="Premier League",E11="Live"),_xlfn.XLOOKUP(_xlfn.TEXTJOIN(" vs ",,C11:D11),Calendar!G:G,Calendar!B:B),IF(AND(B11="Premier League",E11="Highlights"),_xlfn.XLOOKUP(H11,Calendar!O:O,Calendar!N:N,,-1),""))
A12: OVN | B12: Sky Bet League One | C12: Stockport County | D12: Bolton Wanderers | E12: Live | F12: 0.5 | H12: 45872 | I12: 2025/26 | J12: Sun | K12: Whistle-to-Whistle | L12: Sky Sports Football | M12: Sky Sports | N12: 0.5 | O12: 0.53333333 | P12: 0.033333333 | Q12: 98.6 | R12: 0.16 | S12: 1.967 | T12: 120.8 | U12: 13.5 | V12: 0.186 | W12: 8.432 | X12: 15.3 | Y12: 89.3 | Z12: 0.169 | AA12: 1.836 | AB12: 111.5 | AH12: =IF(AND(B12="Premier League",E12="Live"),_xlfn.XLOOKUP(_xlfn.TEXTJOIN(" vs ",,C12:D12),Calendar!G:G,Calendar!B:B),IF(AND(B12="Premier League",E12="Highlights"),_xlfn.XLOOKUP(H12,Calendar!O:O,Calendar!N:N,,-1),""))
A13: OVN | B13: Scottish Premiership | C13: Falkirk | D13: Dundee United | E13: Live | F13: 0.58333333 | H13: 45872 | I13: 2025/26 | J13: Sun | K13: Whistle-to-Whistle | L13: Sky Sports Football | M13: Sky Sports | N13: 0.58333333 | O13: 0.6625 | P13: 0.079166667 | Q13: 82.7 | R13: 0.134 | S13: 1.226 | T13: 160 | U13: 10.9 | V13: 0.15 | W13: 4.39 | X13: 19.2 | Y13: 82 | Z13: 0.156 | AA13: 1.251 | AB13: 156.8 | AH13: =IF(AND(B13="Premier League",E13="Live"),_xlfn.XLOOKUP(_xlfn.TEXTJOIN(" vs ",,C13:D13),Calendar!G:G,Calendar!B:B),IF(AND(B13="Premier League",E13="Highlights"),_xlfn.XLOOKUP(H13,Calendar!O:O,Calendar!N:N,,-1),""))
A14: OVN | B14: Scottish Premiership | C14: Celtic | D14: St Mirren | E14: Live | F14: 0.6875 | H14: 45872 | I14: 2025/26 | J14: Sun | K14: Whistle-to-Whistle | L14: Sky Sports Main Event | M14: Sky Sports | N14: 0.68958333 | O14: 0.76875 | P14: 0.079166667 | Q14: 115.3 | R14: 0.187 | S14: 1.389 | T14: 193 | U14: 13.2 | V14: 0.182 | W14: 6.647 | X14: 23.8 | Y14: 113 | Z14: 0.214 | AA14: 1.397 | AB14: 187.5 | AH14: =IF(AND(B14="Premier League",E14="Live"),_xlfn.XLOOKUP(_xlfn.TEXTJOIN(" vs ",,C14:D14),Calendar!G:G,Calendar!B:B),IF(AND(B14="Premier League",E14="Highlights"),_xlfn.XLOOKUP(H14,Calendar!O:O,Calendar!N:N,,-1),""))
A15: OVN | B15: Scottish Premiership | C15: Celtic | D15: St Mirren | E15: Live | F15: 0.6875 | H15: 45872 | I15: 2025/26 | J15: Sun | K15: Whistle-to-Whistle | L15: Sky Sports Football | M15: Sky Sports | N15: 0.68958333 | O15: 0.76875 | P15: 0.079166667 | Q15: 137.9 | R15: 0.223 | S15: 1.661 | T15: 201.6 | U15: 1.8 | V15: 0.025 | W15: 0.906 | X15: 26.3 | Y15: 136.5 | Z15: 0.259 | AA15: 1.688 | AB15: 201.6 | AH15: =IF(AND(B15="Premier League",E15="Live"),_xlfn.XLOOKUP(_xlfn.TEXTJOIN(" vs ",,C15:D15),Calendar!G:G,Calendar!B:B),IF(AND(B15="Premier League",E15="Highlights"),_xlfn.XLOOKUP(H15,Calendar!O:O,Calendar!N:N,,-1),""))
A16: OVN | B16: Scottish Premiership | C16: Hearts | D16: Aberdeen | E16: Live | F16: 0.83333333 | H16: 45873 | I16: 2025/26 | J16: Mon | K16: Whistle-to-Whistle | L16: Sky Sports Main Event | M16: Sky Sports | N16: 0.83333333 | O16: 0.91319444 | P16: 0.079861111 | Q16: 101.9 | R16: 0.165 | S16: 0.959 | T16: 159.9 | U16: 6 | V16: 0.083 | W16: 2.75 | X16: 17.5 | Y16: 98.8 | Z16: 0.187 | AA16: 0.951 | AB16: 157.8 | AH16: =IF(AND(B16="Premier League",E16="Live"),_xlfn.XLOOKUP(_xlfn.TEXTJOIN(" vs ",,C16:D16),Calendar!G:G,Calendar!B:B),IF(AND(B16="Premier League",E16="Highlights"),_xlfn.XLOOKUP(H16,Calendar!O:O,Calendar!N:N,,-1),""))
A17: OVN | B17: Scottish Premiership | C17: Hearts | D17: Aberdeen | E17: Live | F17: 0.83333333 | H17: 45873 | I17: 2025/26 | J17: Mon | K17: Whistle-to-Whistle | L17: Sky Sports Football | M17: Sky Sports | N17: 0.83333333 | O17: 0.91319444 | P17: 0.079861111 | Q17: 90.5 | R17: 0.147 | S17: 0.852 | T17: 115.4 | U17: 0.1 | V17: 0.001 | W17: 0.046 | X17: 2.8 | Y17: 89.1 | Z17: 0.169 | AA17: 0.857 | AB17: 112.1 | AH17: =IF(AND(B17="Premier League",E17="Live"),_xlfn.XLOOKUP(_xlfn.TEXTJOIN(" vs ",,C17:D17),Calendar!G:G,Calendar!B:B),IF(AND(B17="Premier League",E17="Highlights"),_xlfn.XLOOKUP(H17,Calendar!O:O,Calendar!N:N,,-1),""))
A18: OVN | B18: Carabao Cup | C18: Accrington Stanley | D18: Oldham Athletic | E18: Live | F18: 0.82291667 | H18: 45874 | I18: 2025/26 | J18: Tue | K18: Whistle-to-Whistle | L18: Sky Sports Plus | M18: Sky Sports | N18: 0.82291667 | O18: 0.90277778 | P18: 0.079861111 | Q18: 5.4 | R18: 0.009 | S18: 0.051 | T18: 17.8 | U18: 0.1 | V18: 0.001 | W18: 0.05 | X18: 2.2 | Y18: 5.3 | Z18: 0.01 | AA18: 0.051 | AB18: 17.8 | AH18: =IF(AND(B18="Premier League",E18="Live"),_xlfn.XLOOKUP(_xlfn.TEXTJOIN(" vs ",,C18:D18),Calendar!G:G,Calendar!B:B),IF(AND(B18="Premier League",E18="Highlights"),_xlfn.XLOOKUP(H18,Calendar!O:O,Calendar!N:N,,-1),""))
A19: OVN | B19: UEFA Champions League | C19: Rangers | D19: Viktoria-plzen | E19: Live | F19: 0.82291667 | H19: 45874 | I19: 2025/26 | J19: Tue | K19: Whistle-to-Whistle | L19: BBC Scotland | M19: BBC | N19: 0.82291667 | O19: 0.90138889 | P19: 0.078472222 | Q19: 12.5 | R19: 0.02 | S19: 0.118 | T19: 32.4 | U19: 0 | V19: 0 | W19: 0 | X19: - | Y19: 12.5 | Z19: 0.024 | AA19: 0.121 | AB19: 32.4 | AH19: =IF(AND(B19="Premier League",E19="Live"),_xlfn.XLOOKUP(_xlfn.TEXTJOIN(" vs ",,C19:D19),Calendar!G:G,Calendar!B:B),IF(AND(B19="Premier League",E19="Highlights"),_xlfn.XLOOKUP(H19,Calendar!O:O,Calendar!N:N,,-1),""))
A20: OVN | B20: Sky Bet League One | C20: Port Vale | D20: Cardiff City | E20: Live | F20: 0.83333333 | H20: 45876 | I20: 2025/26 | J20: Thu | K20: Whistle-to-Whistle | L20: Sky Sports Football | M20: Sky Sports | N20: 0.83333333 | O20: 0.91319444 | P20: 0.079861111 | Q20: 55.2 | R20: 0.089 | S20: 0.545 | T20: 88 | U20: 5.2 | V20: 0.072 | W20: 2.805 | X20: 11.7 | Y20: 50.8 | Z20: 0.096 | AA20: 0.515 | AB20: 84.2 | AH20: =IF(AND(B20="Premier League",E20="Live"),_xlfn.XLOOKUP(_xlfn.TEXTJOIN(" vs ",,C20:D20),Calendar!G:G,Calendar!B:B),IF(AND(B20="Premier League",E20="Highlights"),_xlfn.XLOOKUP(H20,Calendar!O:O,Calendar!N:N,,-1),""))
A21: OVN | B21: UEFA Europa Conference League | C21: Rapid Vienna | D21: Dundee United | E21: Live | F21: 0.83333333 | H21: 45876 | I21: 2025/26 | J21: Thu | K21: Whistle-to-Whistle | L21: BBC Scotland | M21: BBC | N21: 0.83333333 | O21: 0.91666667 | P21: 0.083333333 | Q21: 171.6 | R21: 0.278 | S21: 1.7 | T21: 232.5 | U21: 8.4 | V21: 0.116 | W21: 4.506 | X21: 16.6 | Y21: 167.3 | Z21: 0.317 | AA21: 1.701 | AB21: 228.9 | AH21: =IF(AND(B21="Premier League",E21="Live"),_xlfn.XLOOKUP(_xlfn.TEXTJOIN(" vs ",,C21:D21),Calendar!G:G,Calendar!B:B),IF(AND(B21="Premier League",E21="Highlights"),_xlfn.XLOOKUP(H21,Calendar!O:O,Calendar!N:N,,-1),""))
A22: OVN | B22: Sky Bet League One | C22: Port Vale | D22: Cardiff City | E22: Live | F22: 0.83333333 | H22: 45876 | I22: 2025/26 | J22: Thu | K22: Whistle-to-Whistle | L22: Sky Sports Main Event | M22: Sky Sports | N22: 0.83333333 | O22: 0.91319444 | P22: 0.079861111 | Q22: 89.9 | R22: 0.1 | S22: 0.8881 | T22: 158.8 | U22: 3.5 | V22: 0 | W22: 1.8878 | X22: 9.2 | Y22: 85.6 | Z22: 0.2 | AA22: 0.8682 | AB22: 155.9 | AH22: =IF(AND(B22="Premier League",E22="Live"),_xlfn.XLOOKUP(_xlfn.TEXTJOIN(" vs ",,C22:D22),Calendar!G:G,Calendar!B:B),IF(AND(B22="Premier League",E22="Highlights"),_xlfn.XLOOKUP(H22,Calendar!O:O,Calendar!N:N,,-1),""))
A23: OVN | B23: Sky Bet League One | C23: Port Vale | D23: Cardiff City | E23: Live | F23: 0.83333333 | H23: 45876 | I23: 2025/26 | J23: Thu | K23: Whistle-to-Whistle | L23: Sky Sports Football | M23: Sky Sports | N23: 0.83333333 | O23: 0.91319444 | P23: 0.079861111 | Q23: 55.2 | R23: 0.1 | S23: 0.5453 | T23: 88 | U23: 5.2 | V23: 0.1 | W23: 2.8047 | X23: 11.7 | Y23: 50.8 | Z23: 0.1 | AA23: 0.5153 | AB23: 84.2 | AH23: =IF(AND(B23="Premier League",E23="Live"),_xlfn.XLOOKUP(_xlfn.TEXTJOIN(" vs ",,C23:D23),Calendar!G:G,Calendar!B:B),IF(AND(B23="Premier League",E23="Highlights"),_xlfn.XLOOKUP(H23,Calendar!O:O,Calendar!N:N,,-1),""))
A24: OVN | B24: Scottish Championship | C24: Ross County | D24: St Johnstone | E24: Live | F24: 0.82291667 | H24: 45877 | I24: 2025/26 | J24: Fri | K24: Whistle-to-Whistle | L24: BBC Scotland | M24: BBC | N24: 0.82430556 | O24: 0.90208333 | P24: 0.077777778 | Q24: 71.1 | R24: 0.115 | S24: 0.713 | T24: 134.2 | U24: 18.7 | V24: 0.257 | W24: 7.474 | X24: 28.6 | Y24: 69.9 | Z24: 0.133 | AA24: 0.719 | AB24: 130.6 | AH24: =IF(AND(B24="Premier League",E24="Live"),_xlfn.XLOOKUP(_xlfn.TEXTJOIN(" vs ",,C24:D24),Calendar!G:G,Calendar!B:B),IF(AND(B24="Premier League",E24="Highlights"),_xlfn.XLOOKUP(H24,Calendar!O:O,Calendar!N:N,,-1),""))
A25: OVN | B25: Sky Bet Championship | C25: Birmingham City | D25: Ipswich Town | E25: Live | F25: 0.83333333 | H25: 45877 | I25: 2025/26 | J25: Fri | K25: Whistle-to-Whistle | L25: Sky Sports Main Event | M25: Sky Sports | N25: 0.83402778 | O25: 0.91597222 | P25: 0.081944444 | Q25: 390.5 | R25: 0.6 | S25: 3.9581 | T25: 510.4 | U25: 43.2 | V25: 0.6 | W25: 17.4757 | X25: 62.6 | Y25: 383.8 | Z25: 0.7 | AA25: 3.9841 | AB25: 502 | AH25: =IF(AND(B25="Premier League",E25="Live"),_xlfn.XLOOKUP(_xlfn.TEXTJOIN(" vs ",,C25:D25),Calendar!G:G,Calendar!B:B),IF(AND(B25="Premier League",E25="Highlights"),_xlfn.XLOOKUP(H25,Calendar!O:O,Calendar!N:N,,-1),""))
A26: OVN | B26: Sky Bet Championship | C26: Birmingham City | D26: Ipswich Town | E26: Live | F26: 0.83333333 | H26: 45877 | I26: 2025/26 | J26: Fri | K26: Whistle-to-Whistle | L26: Sky Sports Football | M26: Sky Sports | N26: 0.83402778 | O26: 0.91597222 | P26: 0.081944444 | Q26: 127.3 | R26: 0.2 | S26: 1.2903 | T26: 180.1 | U26: 14.7 | V26: 0.2 | W26: 5.9466 | X26: 24.3 | Y26: 117.2 | Z26: 0.2 | AA26: 1.2166 | AB26: 167.1 | AH26: =IF(AND(B26="Premier League",E26="Live"),_xlfn.XLOOKUP(_xlfn.TEXTJOIN(" vs ",,C26:D26),Calendar!G:G,Calendar!B:B),IF(AND(B26="Premier League",E26="Highlights"),_xlfn.XLOOKUP(H26,Calendar!O:O,Calendar!N:N,,-1),""))
A27: OVN | B27: Sky Bet Championship | C27: Coventry City | D27: Hull City | E27: Live | F27: 0.52083333 | H27: 45878 | I27: 2025/26 | J27: Sat | K27: Whistle-to-Whistle | L27: Sky Sports + | M27: Sky Sports | N27: 0.52152778 | O27: 0.60208333 | P27: 0.080555556 | Q27: 66.2 | R27: 0.107 | S27: 1.415 | T27: 87.4 | U27: 3 | V27: 0.041 | W27: 2.182 | X27: 3.7 | Y27: 66.2 | Z27: 0.126 | AA27: 1.464 | AB27: 87.4 | AH27: =IF(AND(B27="Premier League",E27="Live"),_xlfn.XLOOKUP(_xlfn.TEXTJOIN(" vs ",,C27:D27),Calendar!G:G,Calendar!B:B),IF(AND(B27="Premier League",E27="Highlights"),_xlfn.XLOOKUP(H27,Calendar!O:O,Calendar!N:N,,-1),""))
A28: OVN | B28: Sky Bet Championship | C28: Southampton | D28: Wrexham | E28: Live | F28: 0.52083333 | H28: 45878 | I28: 2025/26 | J28: Sat | K28: Whistle-to-Whistle | L28: Sky Sports Main Event | M28: Sky Sports | N28: 0.52083333 | O28: 0.60208333 | P28: 0.08125 | Q28: 359.6 | R28: 0.582 | S28: 7.691 | T28: 502.1 | U28: 41.2 | V28: 0.567 | W28: 30.007 | X28: 51.9 | Y28: 350.2 | Z28: 0.664 | AA28: 7.75 | AB28: 483.7 | AH28: =IF(AND(B28="Premier League",E28="Live"),_xlfn.XLOOKUP(_xlfn.TEXTJOIN(" vs ",,C28:D28),Calendar!G:G,Calendar!B:B),IF(AND(B28="Premier League",E28="Highlights"),_xlfn.XLOOKUP(H28,Calendar!O:O,Calendar!N:N,,-1),""))
A29: OVN | B29: Sky Bet Championship | C29: Southampton | D29: Wrexham | E29: Live | F29: 0.52083333 | H29: 45878 | I29: 2025/26 | J29: Sat | K29: Whistle-to-Whistle | L29: Sky Sports Football | M29: Sky Sports | N29: 0.52083333 | O29: 0.60208333 | P29: 0.08125 | Q29: 174.6 | R29: 0.283 | S29: 3.734 | T29: 234 | U29: 11.5 | V29: 0.158 | W29: 8.376 | X29: 26.7 | Y29: 171.6 | Z29: 0.326 | AA29: 3.798 | AB29: 232 | AH29: =IF(AND(B29="Premier League",E29="Live"),_xlfn.XLOOKUP(_xlfn.TEXTJOIN(" vs ",,C29:D29),Calendar!G:G,Calendar!B:B),IF(AND(B29="Premier League",E29="Highlights"),_xlfn.XLOOKUP(H29,Calendar!O:O,Calendar!N:N,,-1),""))
A30: OVN | B30: Sky Bet Championship | C30: West Brom | D30: Blackburn Rovers | E30: Live | F30: 0.625 | H30: 45878 | I30: 2025/26 | J30: Sat | K30: Whistle-to-Whistle | L30: Sky Sports + | M30: Sky Sports | N30: 0.62569444 | O30: 0.70833333 | P30: 0.082638889 | Q30: 109.5 | R30: 0.177 | S30: 2.176 | T30: 157.6 | U30: 2.3 | V30: 0.032 | W30: 1.934 | X30: 2.7 | Y30: 105 | Z30: 0.199 | AA30: 2.162 | AB30: 152.4 | AH30: =IF(AND(B30="Premier League",E30="Live"),_xlfn.XLOOKUP(_xlfn.TEXTJOIN(" vs ",,C30:D30),Calendar!G:G,Calendar!B:B),IF(AND(B30="Premier League",E30="Highlights"),_xlfn.XLOOKUP(H30,Calendar!O:O,Calendar!N:N,,-1),""))
A31: OVN | B31: Scottish Premiership | C31: Rangers | D31: Dundee | E31: Live | F31: 0.73958333 | H31: 45878 | I31: 2025/26 | J31: Sat | K31: Whistle-to-Whistle | L31: Premier Sports 1 | M31: Premier Sports | N31: 0.73888889 | O31: 0.81944444 | P31: 0.080555556 | Q31: 104.9 | R31: 0.17 | S31: 1.245 | T31: 131 | U31: 3.4 | V31: 0.047 | W31: 2.129 | X31: 3.5 | Y31: 104.9 | Z31: 0.199 | AA31: 1.276 | AB31: 131 | AH31: =IF(AND(B31="Premier League",E31="Live"),_xlfn.XLOOKUP(_xlfn.TEXTJOIN(" vs ",,C31:D31),Calendar!G:G,Calendar!B:B),IF(AND(B31="Premier League",E31="Highlights"),_xlfn.XLOOKUP(H31,Calendar!O:O,Calendar!N:N,,-1),""))
... A37: OVN | B37: Sky Bet Championship | C37: Leicester City | D37: Sheffield Wednesday | E37: Live | F37: 0.6875 | H37: 45879 | I37: 2025/26 | J37: Sun | K37: Whistle-to-Whistle | L37: Sky Sports Football | M37: Sky Sports | N37: 0.6875 | O37: 0.77013889 | P37: 0.082638889 | Q37: 204.5 | R37: 0.3 | S37: 2.6412 | T37: 278.5 | U37: 15.6 | V37: 0.2 | W37: 4.7619 | X37: 34.1 | Y37: 186.9 | Z37: 0.4 | AA37: 2.494 | AB37: 253.1 | AH37: =IF(AND(B37="Premier League",E37="Live"),_xlfn.XLOOKUP(_xlfn.TEXTJOIN(" vs ",,C37:D37),Calendar!G:G,Calendar!B:B),IF(AND(B37="Premier League",E37="Highlights"),_xlfn.XLOOKUP(H37,Calendar!O:O,Calendar!N:N,,-1),""))
A38: OVN | B38: Carabao Cup | C38: West Brom | D38: Derby County | E38: Live | F38: 0.82291667 | H38: 45881 | I38: 2025/26 | J38: Tue | K38: Whistle-to-Whistle | L38: Sky Sports + | M38: Sky Sports | N38: 0.82361111 | O38: 0.9125 | P38: 0.088888889 | AH38: =IF(AND(B38="Premier League",E38="Live"),_xlfn.XLOOKUP(_xlfn.TEXTJOIN(" vs ",,C38:D38),Calendar!G:G,Calendar!B:B),IF(AND(B38="Premier League",E38="Highlights"),_xlfn.XLOOKUP(H38,Calendar!O:O,Calendar!N:N,,-1),""))
A39: OVN | B39: Carabao Cup | C39: Bromley | D39: Ipswich Town | E39: Live | F39: 0.83333333 | H39: 45881 | I39: 2025/26 | J39: Tue | K39: Whistle-to-Whistle | L39: Sky Sports Football | M39: Sky Sports | N39: 0.83333333 | O39: 0.91944444 | P39: 0.086111111 | Q39: 31.5 | R39: 0.051 | S39: 0.316 | T39: 73.2 | U39: 4.3 | V39: 0.059 | W39: 2.57 | X39: 16.5 | Y39: 30.5 | Z39: 0.058 | AA39: 0.313 | AB39: 69.4
A40: OVN | B40: Carabao Cup | C40: Huddersfield Town | D40: Leicester City | E40: Live | F40: 0.82291667 | H40: 45882 | I40: 2025/26 | J40: Wed | K40: Whistle-to-Whistle | L40: Sky Sports + | M40: Sky Sports | N40: 0.82291667 | O40: 0.91041667 | P40: 0.0875 | Q40: 95.8 | R40: 0.155 | S40: 0.904 | T40: 143.6 | U40: 4.2 | V40: 0.058 | W40: 1.513 | X40: 11.7 | Y40: 88.1 | Z40: 0.167 | AA40: 0.85 | AB40: 129.6 | AH40: =IF(AND(B40="Premier League",E40="Live"),_xlfn.XLOOKUP(_xlfn.TEXTJOIN(" vs ",,C40:D40),Calendar!G:G,Calendar!B:B),IF(AND(B40="Premier League",E40="Highlights"),_xlfn.XLOOKUP(H40,Calendar!O:O,Calendar!N:N,,-1),""))
A41: OVN | B41: Carabao Cup | C41: Birmingham City | D41: Sheffield United | E41: Live | F41: 0.83333333 | H41: 45882 | I41: 2025/26 | J41: Wed | K41: Whistle-to-Whistle | L41: ITV 4 | M41: ITV | N41: 0.83333333 | O41: 0.91319444 | P41: 0.079861111 | Q41: 314.3 | R41: 0.509 | S41: 2.966 | T41: 387.3 | U41: 7.9 | V41: 0.109 | W41: 2.793 | X41: 30.6 | Y41: 306.8 | Z41: 0.582 | AA41: 2.96 | AB41: 382 | AH41: =IF(AND(B41="Premier League",E41="Live"),_xlfn.XLOOKUP(_xlfn.TEXTJOIN(" vs ",,C41:D41),Calendar!G:G,Calendar!B:B),IF(AND(B41="Premier League",E41="Highlights"),_xlfn.XLOOKUP(H41,Calendar!O:O,Calendar!N:N,,-1),""))
A42: OVN | B42: Carabao Cup | C42: Birmingham City | D42: Sheffield United | E42: Live | F42: 0.83333333 | H42: 45882 | I42: 2025/26 | J42: Wed | K42: Whistle-to-Whistle | L42: Sky Sports Football | M42: Sky Sports | N42: 0.83333333 | O42: 0.91319444 | P42: 0.079861111 | Q42: 58.8 | R42: 0.095 | S42: 0.555 | T42: 94 | U42: 0.1 | V42: 0.001 | W42: 0.035 | X42: 9.4 | Y42: 55.5 | Z42: 0.105 | AA42: 0.536 | AB42: 90.7 | AH42: =IF(AND(B42="Premier League",E42="Live"),_xlfn.XLOOKUP(_xlfn.TEXTJOIN(" vs ",,C42:D42),Calendar!G:G,Calendar!B:B),IF(AND(B42="Premier League",E42="Highlights"),_xlfn.XLOOKUP(H42,Calendar!O:O,Calendar!N:N,,-1),""))
A43: OVN | B43: UEFA Super Cup | C43: PSG | D43: Tottenham Hotspur | E43: Live | F43: 0.83333333 | H43: 45882 | I43: 2025/26 | J43: Wed | K43: Whistle-to-Whistle | L43: TNT Sports 1 | M43: TNT Sports | N43: 0.83472222 | O43: 0.92361111 | P43: 0.088888889 | Q43: 786.3 | R43: 1.273 | S43: 7.512 | T43: 1060.3 | U43: 133.5 | V43: 1.837 | W43: 47.24 | X43: 176.2 | Y43: 754.1 | Z43: 1.431 | AA43: 7.366 | AB43: 1021.3 | AH43: =IF(AND(B43="Premier League",E43="Live"),_xlfn.XLOOKUP(_xlfn.TEXTJOIN(" vs ",,C43:D43),Calendar!G:G,Calendar!B:B),IF(AND(B43="Premier League",E43="Highlights"),_xlfn.XLOOKUP(H43,Calendar!O:O,Calendar!N:N,,-1),""))
A44: OVN | B44: Carabao Cup | E44: Highlights | F44: 0.8125 | G44: - | H44: 45882 | I44: 2025/26 | J44: Wed | K44: Carabao Cup Highlights | L44: ITV 4 | M44: ITV | N44: 0.375 | O44: 0.43748843 | P44: 0.0625 | Q44: 60.4 | R44: 0.098 | S44: 1.625 | T44: 102.9 | U44: 2.2 | V44: 0.03 | W44: 2.138 | X44: 16.5 | Y44: 58.8 | Z44: 0.112 | AA44: 1.652 | AB44: 99.3 | AH44: =IF(AND(B44="Premier League",E44="Live"),_xlfn.XLOOKUP(_xlfn.TEXTJOIN(" vs ",,C44:D44),Calendar!G:G,Calendar!B:B),IF(AND(B44="Premier League",E44="Highlights"),_xlfn.XLOOKUP(H44,Calendar!O:O,Calendar!N:N,,-1),""))
A45: OVN | B45: UEFA Europa Conference League | C45: Hibernian | D45: Partizan Belgrade | E45: Live | F45: 0.83333333 | H45: 45883 | I45: 2025/26 | J45: Thu | K45: Whistle-to-Whistle | L45: BBC Scotland | M45: BBC | N45: 0.83472222 | O45: 0.94236111 | P45: 0.10763889 | Q45: 230.7 | R45: 0.374 | S45: 2.4443 | T45: 318.9 | U45: 8.6 | V45: 0.118 | W45: 5.0618 | X45: 39.4 | Y45: 224.1 | Z45: 0.425 | AA45: 2.4268 | AB45: 312.1 | AH45: =IF(AND(B45="Premier League",E45="Live"),_xlfn.XLOOKUP(_xlfn.TEXTJOIN(" vs ",,C45:D45),Calendar!G:G,Calendar!B:B),IF(AND(B45="Premier League",E45="Highlights"),_xlfn.XLOOKUP(H45,Calendar!O:O,Calendar!N:N,,-1),""))
A46: OVN | B46: Scottish League Cup | C46: Celtic | D46: Falkirk | E46: Live | F46: 0.82291667 | H46: 45884 | I46: 2025/26 | J46: Fri | K46: Whistle-to-Whistle | L46: Premier Sports 1 | M46: Premier Sports | N46: 0.82361111 | O46: 0.90138889 | P46: 0.077777778 | Q46: 42.6 | R46: 0.069 | S46: 0.4018 | T46: 73.2 | U46: 0.4 | V46: 0.006 | W46: 0.0847 | X46: 5.3 | Y46: 41.4 | Z46: 0.079 | AA46: 0.4021 | AB46: 70.9 | AH46: =IF(AND(B46="Premier League",E46="Live"),_xlfn.XLOOKUP(_xlfn.TEXTJOIN(" vs ",,C46:D46),Calendar!G:G,Calendar!B:B),IF(AND(B46="Premier League",E46="Highlights"),_xlfn.XLOOKUP(H46,Calendar!O:O,Calendar!N:N,,-1),""))
A47: OVN | B47: Premier League | C47: Liverpool | D47: AFC Bournemouth | E47: Live | F47: 0.83333333 | H47: 45884 | I47: 2025/26 | J47: Fri | K47: Whistle-to-Whistle | L47: Sky Sports Main Event | M47: Sky Sports | N47: 0.83402778 | O47: 0.91388889 | P47: 0.079861111 | Q47: 1133.7 | R47: 1.8 | S47: 10.7 | T47: 1307.8 | U47: 200.9 | V47: 2.8 | W47: 41.1 | X47: 241.2 | Y47: 1077 | Z47: 2 | AA47: 10.5 | AB47: 1233.3 | AH47: =IF(AND(B47="Premier League",E47="Live"),_xlfn.XLOOKUP(_xlfn.TEXTJOIN(" vs ",,C47:D47),Calendar!G:G,Calendar!B:B),IF(AND(B47="Premier League",E47="Highlights"),_xlfn.XLOOKUP(H47,Calendar!O:O,Calendar!N:N,,-1),"")) -> #N/A
A48: OVN | B48: Premier League | C48: Liverpool | D48: AFC Bournemouth | E48: Live | F48: 0.83333333 | H48: 45884 | I48: 2025/26 | J48: Fri | K48: Whistle-to-Whistle | L48: Sky Sports Premier League | M48: Sky Sports | N48: 0.83402778 | O48: 0.91388889 | P48: 0.079861111 | Q48: 889.1 | R48: 1.4 | S48: 8.4 | T48: 1118 | U48: 135.2 | V48: 1.9 | W48: 27.6 | X48: 183.5 | Y48: 796.8 | Z48: 1.5 | AA48: 7.7 | AB48: 996.4 | AH48: =IF(AND(B48="Premier League",E48="Live"),_xlfn.XLOOKUP(_xlfn.TEXTJOIN(" vs ",,C48:D48),Calendar!G:G,Calendar!B:B),IF(AND(B48="Premier League",E48="Highlights"),_xlfn.XLOOKUP(H48,Calendar!O:O,Calendar!N:N,,-1),"")) -> #N/A
A49: OVN | B49: Sky Bet Championship | C49: Derby County | D49: Coventry City | E49: Live | F49: 0.52083333 | H49: 45885 | I49: 2025/26 | J49: Sat | K49: Whistle-to-Whistle | L49: Sky Sports+ | M49: Sky Sports | N49: 0.52083333 | O49: 0.60625 | P49: 0.085416667 | Q49: 103 | R49: 0.167 | S49: 1.8697 | T49: 224.2 | U49: 11.2 | V49: 0.154 | W49: 3.8382 | X49: 36.9 | Y49: 79.2 | Z49: 0.15 | AA49: 1.5003 | AB49: 190.1 | AH49: =IF(AND(B49="Premier League",E49="Live"),_xlfn.XLOOKUP(_xlfn.TEXTJOIN(" vs ",,C49:D49),Calendar!G:G,Calendar!B:B),IF(AND(B49="Premier League",E49="Highlights"),_xlfn.XLOOKUP(H49,Calendar!O:O,Calendar!N:N,,-1),""))
A50: OVN | B50: Sky Bet Championship | C50: Wrexham | D50: West Brom | E50: Live | F50: 0.52083333 | H50: 45885 | I50: 2025/26 | J50: Sat | K50: Whistle-to-Whistle | L50: ITV1 | M50: ITV | N50: 0.52083333 | O50: 0.6 | P50: 0.079166667 | Q50: 564.2 | R50: 0.9 | S50: 10.2 | T50: 695.3 | U50: 18.6 | V50: 0.3 | W50: 6.3 | X50: 30.3 | Y50: 531.3 | Z50: 1 | AA50: 10 | AB50: 650.1 | AH50: =IF(AND(B50="Premier League",E50="Live"),_xlfn.XLOOKUP(_xlfn.TEXTJOIN(" vs ",,C50:D50),Calendar!G:G,Calendar!B:B),IF(AND(B50="Premier League",E50="Highlights"),_xlfn.XLOOKUP(H50,Calendar!O:O,Calendar!N:N,,-1),""))
A51: OVN | B51: Sky Bet Championship | C51: Wrexham | D51: West Brom | E51: Live | F51: 0.52083333 | H51: 45885 | I51: 2025/26 | J51: Sat | K51: Whistle-to-Whistle | L51: Sky Sports Main Event | M51: Sky Sports | N51: 0.52083333 | O51: 0.6 | P51: 0.079166667 | Q51: 104.7 | R51: 0.2 | S51: 1.9 | T51: 137.2 | U51: 5.2 | V51: 0.1 | W51: 1.8 | X51: 15.1 | Y51: 101.5 | Z51: 0.2 | AA51: 1.9 | AB51: 130.1 | AH51: =IF(AND(B51="Premier League",E51="Live"),_xlfn.XLOOKUP(_xlfn.TEXTJOIN(" vs ",,C51:D51),Calendar!G:G,Calendar!B:B),IF(AND(B51="Premier League",E51="Highlights"),_xlfn.XLOOKUP(H51,Calendar!O:O,Calendar!N:N,,-1),""))
A52: OVN | B52: Sky Bet Championship | C52: Wrexham | D52: West Brom | E52: Live | F52: 0.52083333 | H52: 45885 | I52: 2025/26 | J52: Sat | K52: Whistle-to-Whistle | L52: Sky Sports Football | M52: Sky Sports | N52: 0.52083333 | O52: 0.6 | P52: 0.079166667 | Q52: 80.3 | R52: 0.1 | S52: 1.5 | T52: 111.5 | U52: 8.7 | V52: 0.1 | W52: 3 | X52: 17.7 | Y52: 77 | Z52: 0.1 | AA52: 1.5 | AB52: 105.2 | AH52: =IF(AND(B52="Premier League",E52="Live"),_xlfn.XLOOKUP(_xlfn.TEXTJOIN(" vs ",,C52:D52),Calendar!G:G,Calendar!B:B),IF(AND(B52="Premier League",E52="Highlights"),_xlfn.XLOOKUP(H52,Calendar!O:O,Calendar!N:N,,-1),""))
A53: OVN | B53: Premier League | C53: Aston Villa | D53: Newcastle United | E53: Live | F53: 0.52083333 | H53: 45885 | I53: 2025/26 | J53: Sat | K53: Whistle-to-Whistle | L53: TNT Sports 1 | M53: TNT Sports | N53: 0.52222222 | O53: 0.59930556 | P53: 0.077083333 | Q53: 928.3 | R53: 1.5 | S53: 16.8 | T53: 1040 | U53: 171.6 | V53: 2.4 | W53: 58.3 | X53: 215.4 | Y53: 868.2 | Z53: 1.6 | AA53: 16.4 | AB53: 981.6 | AH53: =IF(AND(B53="Premier League",E53="Live"),_xlfn.XLOOKUP(_xlfn.TEXTJOIN(" vs ",,C53:D53),Calendar!G:G,Calendar!B:B),IF(AND(B53="Premier League",E53="Highlights"),_xlfn.XLOOKUP(H53,Calendar!O:O,Calendar!N:N,,-1),"")) -> #N/A
A54: OVN | B54: Premier League | C54: Wolverhampton Wanderers | D54: Manchester City | E54: Live | F54: 0.72916667 | H54: 45885 | I54: 2025/26 | J54: Sat | K54: Whistle-to-Whistle | L54: Sky Sports Main Event | M54: Sky Sports | N54: 0.72916667 | O54: 0.8125 | P54: 0.083333333 | Q54: 690.7 | R54: 1.1 | S54: 8 | T54: 783.5 | U54: 112.4 | V54: 1.5 | W54: 33 | X54: 173.5 | Y54: 673.4 | Z54: 1.3 | AA54: 8.1 | AB54: 771.3 | AH54: =IF(AND(B54="Premier League",E54="Live"),_xlfn.XLOOKUP(_xlfn.TEXTJOIN(" vs ",,C54:D54),Calendar!G:G,Calendar!B:B),IF(AND(B54="Premier League",E54="Highlights"),_xlfn.XLOOKUP(H54,Calendar!O:O,Calendar!N:N,,-1),"")) -> #N/A
A55: OVN | B55: Premier League | C55: Wolverhampton Wanderers | D55: Manchester City | E55: Live | F55: 0.72916667 | H55: 45885 | I55: 2025/26 | J55: Sat | K55: Whistle-to-Whistle | L55: Sky Sports Premier League | M55: Sky Sports | N55: 0.72916667 | O55: 0.8125 | P55: 0.083333333 | Q55: 473 | R55: 0.8 | S55: 5.5 | T55: 622.4 | U55: 76.5 | V55: 1.1 | W55: 22.4 | X55: 116.2 | Y55: 441.1 | Z55: 0.8 | AA55: 5.3 | AB55: 567.1 | AH55: =IF(AND(B55="Premier League",E55="Live"),_xlfn.XLOOKUP(_xlfn.TEXTJOIN(" vs ",,C55:D55),Calendar!G:G,Calendar!B:B),IF(AND(B55="Premier League",E55="Highlights"),_xlfn.XLOOKUP(H55,Calendar!O:O,Calendar!N:N,,-1),"")) -> #N/A
A56: OVN | B56: Scottish League Cup | C56: Rangers | D56: Alloa Athletic | E56: Live | F56: 0.73958333 | H56: 45885 | I56: 2025/26 | J56: Sat | K56: Whistle-to-Whistle | L56: Premier Sports 1 | M56: Premier Sports | N56: 0.74027778 | O56: 0.81666667 | P56: 0.076388889 | Q56: 46 | R56: 0.074 | S56: 0.5249 | T56: 65.3 | U56: 0 | V56: 0 | W56: 0 | X56: - | Y56: 44.7 | Z56: 0.085 | AA56: 0.5256 | AB56: 61.2 | AH56: =IF(AND(B56="Premier League",E56="Live"),_xlfn.XLOOKUP(_xlfn.TEXTJOIN(" vs ",,C56:D56),Calendar!G:G,Calendar!B:B),IF(AND(B56="Premier League",E56="Highlights"),_xlfn.XLOOKUP(H56,Calendar!O:O,Calendar!N:N,,-1),""))
A57: OVN | B57: Premier League | C57: Tottenham Hotspur | D57: Burnley | E57: Near Live | F57: 0.85416667 | H57: 45885 | I57: 2024/25 | J57: Sat | K57: Whistle-to-Whistle | L57: Sky Sports Premier League | M57: Sky Sports | N57: 0.86111111 | O57: 0.93402778 | P57: 0.072916667 | Q57: 58.7 | R57: 0.1 | S57: 0.7 | T57: 101.5 | U57: 0 | V57: 0 | W57: 0 | X57: - | Y57: 58.6 | Z57: 0.1 | AA57: 0.7 | AB57: 101.5 | AH57: =IF(AND(B57="Premier League",E57="Live"),_xlfn.XLOOKUP(_xlfn.TEXTJOIN(" vs ",,C57:D57),Calendar!G:G,Calendar!B:B),IF(AND(B57="Premier League",E57="Highlights"),_xlfn.XLOOKUP(H57,Calendar!O:O,Calendar!N:N,,-1),""))
A58: OVN | B58: Premier League | E58: Highlights | F58: 0.9375 | H58: 45885 | I58: 2025/26 | J58: Sat | K58: Match Of The Day | L58: BBC 1 | M58: BBC | N58: 0.93055556 | O58: 0.98611111 | P58: 0.055555556 | Q58: 1747 | R58: 2.8 | S58: 28.7 | T58: 2188.8 | U58: 60.3 | V58: 0.8 | W58: 35 | X58: 99.4 | Y58: 1701.3 | Z58: 3.2 | AA58: 28.4 | AB58: 2105.1 | AH58: =IF(AND(B58="Premier League",E58="Live"),_xlfn.XLOOKUP(_xlfn.TEXTJOIN(" vs ",,C58:D58),Calendar!G:G,Calendar!B:B),IF(AND(B58="Premier League",E58="Highlights"),_xlfn.XLOOKUP(H58,Calendar!O:O,Calendar!N:N,,-1),"")) -> Matchweek 01
A59: OVN | B59: Sky Bet Championship | C59: Ipswich Town | D59: Southampton | E59: Live | F59: 0.5 | H59: 45886 | I59: 2025/26 | J59: Sun | K59: Whistle-to-Whistle | L59: Sky Sports Main Event | M59: Sky Sports | N59: 0.50069444 | O59: 0.53402778 | P59: 0.033333333 | Q59: 245.9 | R59: 0.4 | S59: 5.8 | T59: 337.6 | U59: 25 | V59: 0.3 | W59: 27.7 | X59: 46.4 | Y59: 219.5 | Z59: 0.4 | AA59: 5.3 | AB59: 302.2 | AH59: =IF(AND(B59="Premier League",E59="Live"),_xlfn.XLOOKUP(_xlfn.TEXTJOIN(" vs ",,C59:D59),Calendar!G:G,Calendar!B:B),IF(AND(B59="Premier League",E59="Highlights"),_xlfn.XLOOKUP(H59,Calendar!O:O,Calendar!N:N,,-1),""))
A60: OVN | B60: Sky Bet Championship | C60: Ipswich Town | D60: Southampton | E60: Live | F60: 0.5 | H60: 45886 | I60: 2025/26 | J60: Sun | K60: Whistle-to-Whistle | L60: Sky Sports Football | M60: Sky Sports | N60: 0.50069444 | O60: 0.57986111 | P60: 0.079166667 | Q60: 208.4 | R60: 0.3 | S60: 4.5 | T60: 482.6 | U60: 24.9 | V60: 0.3 | W60: 20 | X60: 52 | Y60: 198 | Z60: 0.4 | AA60: 4.3 | AB60: 451.2 | AH60: =IF(AND(B60="Premier League",E60="Live"),_xlfn.XLOOKUP(_xlfn.TEXTJOIN(" vs ",,C60:D60),Calendar!G:G,Calendar!B:B),IF(AND(B60="Premier League",E60="Highlights"),_xlfn.XLOOKUP(H60,Calendar!O:O,Calendar!N:N,,-1),""))
A61: OVN | B61: Premier League | C61: Chelsea | D61: Crystal Palace | E61: Live | F61: 0.58333333 | H61: 45886 | I61: 2025/26 | J61: Sun | K61: Whistle-to-Whistle | L61: Sky Sports Main Event | M61: Sky Sports | N61: 0.58402778 | O61: 0.66527778 | P61: 0.08125 | Q61: 1255.5 | R61: 2 | S61: 22.3 | T61: 1710.9 | U61: 220.1 | V61: 3 | W61: 68 | X61: 302 | Y61: 1204.2 | Z61: 2.3 | AA61: 22.1 | AB61: 1645.4 | AH61: =IF(AND(B61="Premier League",E61="Live"),_xlfn.XLOOKUP(_xlfn.TEXTJOIN(" vs ",,C61:D61),Calendar!G:G,Calendar!B:B),IF(AND(B61="Premier League",E61="Highlights"),_xlfn.XLOOKUP(H61,Calendar!O:O,Calendar!N:N,,-1),"")) -> #N/A
A62: OVN | B62: Premier League | C62: Nottingham Forest | D62: Brentford | E62: Live | F62: 0.58333333 | H62: 45886 | I62: 2025/26 | J62: Sun | K62: Whistle-to-Whistle | L62: Sky Sports Premier League | M62: Sky Sports | N62: 0.58333333 | O62: 0.66388889 | P62: 0.080555556 | Q62: 290.7 | R62: 0.5 | S62: 5.2 | T62: 372.1 | U62: 45.2 | V62: 0.6 | W62: 14.1 | X62: 67.5 | Y62: 262.5 | Z62: 0.5 | AA62: 4.8 | AB62: 341.3 | AH62: =IF(AND(B62="Premier League",E62="Live"),_xlfn.XLOOKUP(_xlfn.TEXTJOIN(" vs ",,C62:D62),Calendar!G:G,Calendar!B:B),IF(AND(B62="Premier League",E62="Highlights"),_xlfn.XLOOKUP(H62,Calendar!O:O,Calendar!N:N,,-1),"")) -> #N/A
A63: OVN | B63: Premier League | C63: Manchester United | D63: Arsenal | E63: Live | F63: 0.6875 | H63: 45886 | I63: 2025/26 | J63: Sun | K63: Whistle-to-Whistle | L63: Sky Sports Main Event | M63: Sky Sports | N63: 0.68819444 | O63: 0.76597222 | P63: 0.077777778 | Q63: 1981.3 | R63: 3.2 | S63: 23.2 | T63: 2245.3 | U63: 294.2 | V63: 4 | W63: 62 | X63: 334.2 | Y63: 1908.5 | Z63: 3.6 | AA63: 23.1 | AB63: 2176.7 | AH63: =IF(AND(B63="Premier League",E63="Live"),_xlfn.XLOOKUP(_xlfn.TEXTJOIN(" vs ",,C63:D63),Calendar!G:G,Calendar!B:B),IF(AND(B63="Premier League",E63="Highlights"),_xlfn.XLOOKUP(H63,Calendar!O:O,Calendar!N:N,,-1),"")) -> #N/A
A64: OVN | B64: Premier League | C64: Manchester United | D64: Arsenal | E64: Live | F64: 0.6875 | H64: 45886 | I64: 2025/26 | J64: Sun | K64: Whistle-to-Whistle | L64: Sky Sports Premier League | M64: Sky Sports | N64: 0.68819444 | O64: 0.76597222 | P64: 0.077777778 | Q64: 887.6 | R64: 1.4 | S64: 10.4 | T64: 1044.1 | U64: 113.2 | V64: 1.6 | W64: 23.9 | X64: 145.7 | Y64: 847.2 | Z64: 1.6 | AA64: 10.2 | AB64: 996.1 | AH64: =IF(AND(B64="Premier League",E64="Live"),_xlfn.XLOOKUP(_xlfn.TEXTJOIN(" vs ",,C64:D64),Calendar!G:G,Calendar!B:B),IF(AND(B64="Premier League",E64="Highlights"),_xlfn.XLOOKUP(H64,Calendar!O:O,Calendar!N:N,,-1),"")) -> #N/A
A65: OVN | B65: Premier League | E65: Highlights | F65: 0.36111111 | H65: 45886 | I65: 2025/26 | J65: Sun | K65: Match Of The Day Repeat | L65: BBC 1 | M65: BBC | N65: 0.36111111 | O65: 0.41666667 | P65: 0.055555556 | Q65: 838.7 | R65: 1.4 | S65: 22.4 | T65: 1160.7 | U65: 34 | V65: 0.5 | W65: 36.1 | X65: 58.5 | Y65: 816.8 | Z65: 1.5 | AA65: 22.6 | AB65: 1143.9 | AH65: =IF(AND(B65="Premier League",E65="Live"),_xlfn.XLOOKUP(_xlfn.TEXTJOIN(" vs ",,C65:D65),Calendar!G:G,Calendar!B:B),IF(AND(B65="Premier League",E65="Highlights"),_xlfn.XLOOKUP(H65,Calendar!O:O,Calendar!N:N,,-1),"")) -> Matchweek 01
A66: OVN | B66: Premier League | E66: Highlights | F66: 0.9375 | H66: 45886 | I66: 2025/26 | J66: Sun | K66: Match Of The Day | L66: BBC 1 | M66: BBC | N66: 0.9375 | O66: 0.97916667 | P66: 0.041666667 | Q66: 1320.9 | R66: 2.1 | S66: 23.8 | T66: 2256 | U66: 22.5 | V66: 0.3 | W66: 17.3 | X66: 59.9 | Y66: 1279.8 | Z66: 2.4 | AA66: 23.4 | AB66: 2218 | AH66: =IF(AND(B66="Premier League",E66="Live"),_xlfn.XLOOKUP(_xlfn.TEXTJOIN(" vs ",,C66:D66),Calendar!G:G,Calendar!B:B),IF(AND(B66="Premier League",E66="Highlights"),_xlfn.XLOOKUP(H66,Calendar!O:O,Calendar!N:N,,-1),"")) -> Matchweek 01
A67: OVN | B67: Premier League | C67: Leeds United | D67: Everton | E67: Live | F67: 0.83333333 | H67: 45887 | I67: 2025/26 | J67: Mon | K67: Whistle-to-Whistle | L67: Sky Sports Main Event | M67: Sky Sports | N67: 0.83472222 | O67: 0.91458333 | P67: =O67-N67 -> 0.079861111 | Q67: 1103.9 | R67: 1.8 | S67: 9.6 | T67: 1289.5 | U67: 143.3 | V67: 2 | W67: 38.3 | X67: 172.4 | Y67: 1060.7 | Z67: 2 | AA67: 9.4 | AB67: 1236.7 | AH67: =IF(AND(B67="Premier League",E67="Live"),_xlfn.XLOOKUP(_xlfn.TEXTJOIN(" vs ",,C67:D67),Calendar!G:G,Calendar!B:B),IF(AND(B67="Premier League",E67="Highlights"),_xlfn.XLOOKUP(H67,Calendar!O:O,Calendar!N:N,,-1),"")) -> #N/A
A68: OVN | B68: Premier League | C68: Leeds United | D68: Everton | E68: Live | F68: 0.83333333 | H68: 45887 | I68: 2025/26 | J68: Mon | K68: Whistle-to-Whistle | L68: Sky Sports Premier League | M68: Sky Sports | N68: 0.83472222 | O68: 0.91458333 | P68: =O68-N68 -> 0.079861111 | Q68: 599.3 | R68: 1 | S68: 5.2 | T68: 666.8 | U68: 96.2 | V68: 1.3 | W68: 25.7 | X68: 118.6 | Y68: 585.7 | Z68: 1.1 | AA68: 5.2 | AB68: 651.4 | AH68: =IF(AND(B68="Premier League",E68="Live"),_xlfn.XLOOKUP(_xlfn.TEXTJOIN(" vs ",,C68:D68),Calendar!G:G,Calendar!B:B),IF(AND(B68="Premier League",E68="Highlights"),_xlfn.XLOOKUP(H68,Calendar!O:O,Calendar!N:N,,-1),"")) -> #N/A
A69: OVN | B69: Premier League | E69: Highlights | F69: 0.33333333 | H69: 45887 | I69: 2025/26 | J69: Mon | K69: Match Of The Day Repeat | L69: BBC 2 | M69: BBC | N69: 0.33333333 | O69: 0.375 | P69: =O69-N69 -> 0.041666667 | Q69: 94.2 | R69: 0.2 | S69: 2.6 | T69: 137.8 | U69: 6.5 | V69: 0.1 | W69: 8.5 | X69: 12.8 | Y69: 87.8 | Z69: 0.2 | AA69: 2.6 | AB69: 126.1 | AH69: =IF(AND(B69="Premier League",E69="Live"),_xlfn.XLOOKUP(_xlfn.TEXTJOIN(" vs ",,C69:D69),Calendar!G:G,Calendar!B:B),IF(AND(B69="Premier League",E69="Highlights"),_xlfn.XLOOKUP(H69,Calendar!O:O,Calendar!N:N,,-1),"")) -> Matchweek 01
A70: OVN | B70: Sky Bet League One | C70: AFC Wimbledon | D70: Cardiff City | E70: Live | F70: 0.82291667 | H70: 45888 | I70: 2025/26 | J70: Tue | K70: Whistle-to-Whistle | L70: Sky Sports+ | M70: Sky Sports | N70: 0.82361111 | O70: 0.90486111 | P70: 0.08125 | Q70: 36.3 | R70: 0.1 | S70: 0.3624 | T70: 63.7 | U70: 0.5 | V70: 0 | W70: 0.3143 | X70: 5.6 | Y70: 34.1 | Z70: 0.1 | AA70: 0.3499 | AB70: 59.9 | AH70: =IF(AND(B70="Premier League",E70="Live"),_xlfn.XLOOKUP(_xlfn.TEXTJOIN(" vs ",,C70:D70),Calendar!G:G,Calendar!B:B),IF(AND(B70="Premier League",E70="Highlights"),_xlfn.XLOOKUP(H70,Calendar!O:O,Calendar!N:N,,-1),""))
A71: OVN | B71: Sky Bet League Two | C71: Walsall | D71: Grimsby Town | E71: Live | F71: 0.83333333 | H71: 45888 | I71: 2025/26 | J71: Tue | K71: Whistle-to-Whistle | L71: Sky Sports Football | M71: Sky Sports | N71: 0.83333333 | O71: 0.91805556 | P71: 0.084722222 | Q71: 34.3 | R71: 0.1 | S71: 0.3444 | T71: 60.4 | U71: 1.4 | V71: 0 | W71: 0.9211 | X71: 8.3 | Y71: 34.2 | Z71: 0.1 | AA71: 0.3526 | AB71: 60.4 | AH71: =IF(AND(B71="Premier League",E71="Live"),_xlfn.XLOOKUP(_xlfn.TEXTJOIN(" vs ",,C71:D71),Calendar!G:G,Calendar!B:B),IF(AND(B71="Premier League",E71="Highlights"),_xlfn.XLOOKUP(H71,Calendar!O:O,Calendar!N:N,,-1),""))
A72: OVN | B72: UEFA Champions League | C72: Ferencvárosi TC | D72: Qarabağ FK | E72: Live | F72: 0.83333333 | H72: 45888 | I72: 2025/26 | J72: Tue | K72: Whistle-to-Whistle | L72: TNT Sports 1 | M72: TNT Sports | N72: 0.83402778 | O72: 0.91319444 | P72: =O72-N72 -> 0.079166667 | Q72: 6.8 | R72: 0 | S72: 0.1 | T72: 20.5 | U72: 0.1 | V72: 0 | W72: 0.1 | X72: 4.7 | Y72: 6.8 | Z72: 0 | AA72: 0.1 | AB72: 20.5
A73: OVN | B73: UEFA Champions League | C73: FK Crvena zvezda | D73: Pafos FC | E73: Live | F73: 0.83333333 | H73: 45888 | I73: 2025/26 | J73: Tue | K73: Whistle-to-Whistle | L73: TNT Sports 2 | M73: TNT Sports | N73: 0.83472222 | O73: 0.91666667 | P73: =O73-N73 -> 0.081944444 | Q73: 4 | R73: 0 | S73: 0 | T73: 14 | U73: 0 | V73: 0 | W73: 0 | X73: - | Y73: 4 | Z73: 0 | AA73: 0 | AB73: 14
A74: OVN | B74: Sky Bet League One | C74: Bolton Wanderers | D74: Reading | E74: Live | F74: 0.83333333 | H74: 45889 | I74: 2025/26 | J74: Wed | K74: Whistle-to-Whistle | L74: Sky Sports Football | M74: Sky Sports | N74: 0.83333333 | O74: 0.91180556 | P74: 0.078472222 | Q74: 137.6 | R74: 0.2 | S74: 1.3 | T74: 200 | U74: 3.1 | V74: 0 | W74: 1.4 | X74: 28.2 | Y74: 136.8 | Z74: 0.3 | AA74: 1.3 | AB74: 200 | AH74: =IF(AND(B74="Premier League",E74="Live"),_xlfn.XLOOKUP(_xlfn.TEXTJOIN(" vs ",,C74:D74),Calendar!G:G,Calendar!B:B),IF(AND(B74="Premier League",E74="Highlights"),_xlfn.XLOOKUP(H74,Calendar!O:O,Calendar!N:N,,-1),""))
A75: OVN | B75: UEFA Champions League | C75: FC Basel | D75: Kobenhavn | E75: Live | F75: 0.83333333 | H75: 45889 | I75: 2025/26 | J75: Wed | K75: Whistle-to-Whistle | L75: TNT Sports 3 | M75: TNT Sports | N75: 0.83402778 | O75: 0.9125 | P75: 0.078472222 | Q75: 4.6 | R75: 0 | S75: 0 | T75: 35.6 | U75: 0 | V75: 0 | W75: 0 | X75: 1.3 | Y75: 4.6 | Z75: 0 | AA75: 0 | AB75: 35.6 | AH75: =IF(AND(B75="Premier League",E75="Live"),_xlfn.XLOOKUP(_xlfn.TEXTJOIN(" vs ",,C75:D75),Calendar!G:G,Calendar!B:B),IF(AND(B75="Premier League",E75="Highlights"),_xlfn.XLOOKUP(H75,Calendar!O:O,Calendar!N:N,,-1),""))
A76: OVN | B76: UEFA Champions League | C76: Celtic | D76: Kairat | E76: Live | F76: 0.83333333 | H76: 45889 | I76: 2025/26 | J76: Wed | K76: Whistle-to-Whistle | L76: TNT Sports 1 | M76: TNT Sports | N76: 0.83333333 | O76: 0.91597222 | P76: 0.082638889 | Q76: 264.3 | R76: 0.4 | S76: 2.5 | T76: 338.4 | U76: 15.4 | V76: 0.2 | W76: 7 | X76: 29.6 | Y76: 263.8 | Z76: 0.5 | AA76: 2.5 | AB76: 336.3 | AH76: =IF(AND(B76="Premier League",E76="Live"),_xlfn.XLOOKUP(_xlfn.TEXTJOIN(" vs ",,C76:D76),Calendar!G:G,Calendar!B:B),IF(AND(B76="Premier League",E76="Highlights"),_xlfn.XLOOKUP(H76,Calendar!O:O,Calendar!N:N,,-1),""))
A77: OVN | B77: UEFA Champions League | C77: Fenerbahce | D77: Benfica | E77: Live | F77: 0.83333333 | H77: 45889 | I77: 2025/26 | J77: Wed | K77: Whistle-to-Whistle | L77: TNT Sports 2 | M77: TNT Sports | N77: 0.83333333 | O77: 0.91180556 | P77: 0.078472222 | Q77: 15.9 | R77: 0 | S77: 0.1 | T77: 39.1 | U77: 0 | V77: 0 | W77: 0 | X77: - | Y77: 15.6 | Z77: 0 | AA77: 0.1 | AB77: 37.1 | AH77: =IF(AND(B77="Premier League",E77="Live"),_xlfn.XLOOKUP(_xlfn.TEXTJOIN(" vs ",,C77:D77),Calendar!G:G,Calendar!B:B),IF(AND(B77="Premier League",E77="Highlights"),_xlfn.XLOOKUP(H77,Calendar!O:O,Calendar!N:N,,-1),""))
A78: OVN | B78: UEFA Conference League | C78: Shelbourne | D78: Linfield | E78: Live | F78: 0.82291667 | H78: 45890 | I78: 2025/26 | J78: Thu | K78: Whistle-to-Whistle | L78: Premier Sports 1 | M78: Premier Sports | N78: 0.82361111 | O78: 0.90347222 | P78: 0.079861111 | Q78: 6 | R78: 0 | S78: 0.1 | T78: 25.3 | U78: 0 | V78: 0 | W78: 0 | X78: - | Y78: 6 | Z78: 0 | AA78: 0.1 | AB78: 20.9 | AH78: =IF(AND(B78="Premier League",E78="Live"),_xlfn.XLOOKUP(_xlfn.TEXTJOIN(" vs ",,C78:D78),Calendar!G:G,Calendar!B:B),IF(AND(B78="Premier League",E78="Highlights"),_xlfn.XLOOKUP(H78,Calendar!O:O,Calendar!N:N,,-1),""))
A79: OVN | B79: UEFA Europa League | C79: Aberdeen | D79: FCSB | E79: Live | F79: 0.82291667 | H79: 45890 | I79: 2025/26 | J79: Thu | K79: Whistle-to-Whistle | L79: BBC Scotland | M79: BBC | N79: 0.82361111 | O79: 0.90625 | P79: 0.082638889 | Q79: 180.3 | R79: 0.3 | S79: 1.7 | T79: 275 | U79: 2.7 | V79: 0 | W79: 1.3 | X79: 9.2 | Y79: 168.2 | Z79: 0.3 | AA79: 1.7 | AB79: 249.8 | AH79: =IF(AND(B79="Premier League",E79="Live"),_xlfn.XLOOKUP(_xlfn.TEXTJOIN(" vs ",,C79:D79),Calendar!G:G,Calendar!B:B),IF(AND(B79="Premier League",E79="Highlights"),_xlfn.XLOOKUP(H79,Calendar!O:O,Calendar!N:N,,-1),""))
A80: OVN | B80: UEFA Conference League | C80: Crystal Palace | D80: Fredrikstad | E80: Live | F80: 0.83333333 | H80: 45890 | I80: 2025/26 | J80: Thu | K80: Whistle-to-Whistle | L80: Channel 5 | M80: Channel | N80: 0.83333333 | O80: 0.90972222 | P80: 0.076388889 | Q80: 187.9 | R80: 0.3 | S80: 1.8 | T80: 275 | U80: 3 | V80: 0 | W80: 1.5 | X80: 9.2 | Y80: 174.4 | Z80: 0.3 | AA80: 1.8 | AB80: 249.8 | AH80: =IF(AND(B80="Premier League",E80="Live"),_xlfn.XLOOKUP(_xlfn.TEXTJOIN(" vs ",,C80:D80),Calendar!G:G,Calendar!B:B),IF(AND(B80="Premier League",E80="Highlights"),_xlfn.XLOOKUP(H80,Calendar!O:O,Calendar!N:N,,-1),""))
A81: OVN | B81: Scottish Championship | C81: Raith Rovers | D81: Dunfermline | E81: Live | F81: 0.82291667 | H81: 45891 | I81: 2025/26 | J81: Fri | K81: Whistle-to-Whistle | L81: BBC Scotland | M81: BBC | N81: 0.82291667 | O81: 0.90069444 | P81: 0.077777778 | Q81: 84.8 | R81: 0.1 | S81: 0.7 | T81: 126.5 | U81: 0 | V81: 0 | W81: 0 | X81: - | Y81: 80.5 | Z81: 0.2 | AA81: 0.7 | AB81: 120.7 | AH81: =IF(AND(B81="Premier League",E81="Live"),_xlfn.XLOOKUP(_xlfn.TEXTJOIN(" vs ",,C81:D81),Calendar!G:G,Calendar!B:B),IF(AND(B81="Premier League",E81="Highlights"),_xlfn.XLOOKUP(H81,Calendar!O:O,Calendar!N:N,,-1),""))
A82: OVN | B82: Sky Bet Championship | C82: Derby County | D82: Bristol City | E82: Live | F82: 0.83333333 | H82: 45891 | I82: 2025/26 | J82: Fri | K82: Whistle-to-Whistle | L82: Sky Sports Football | M82: Sky Sports | N82: 0.83333333 | O82: 0.91319444 | P82: 0.079861111 | Q82: 55.3 | R82: 0.1 | S82: 0.5 | T82: 125.6 | U82: 2.8 | V82: 0 | W82: 0.7 | X82: 11.1 | Y82: 49.1 | Z82: 0.1 | AA82: 0.5 | AB82: 125.6 | AH82: =IF(AND(B82="Premier League",E82="Live"),_xlfn.XLOOKUP(_xlfn.TEXTJOIN(" vs ",,C82:D82),Calendar!G:G,Calendar!B:B),IF(AND(B82="Premier League",E82="Highlights"),_xlfn.XLOOKUP(H82,Calendar!O:O,Calendar!N:N,,-1),""))
A83: OVN | B83: Premier League | C83: West Ham United | D83: Chelsea | E83: Live | F83: 0.83333333 | H83: 45891 | I83: 2025/26 | J83: Fri | K83: Whistle-to-Whistle | L83: Sky Sports Main Event | M83: Sky Sports | N83: 0.83333333 | O83: 0.91388889 | P83: 0.080555556 | Q83: 824.8 | R83: 1.3 | S83: 7.4 | T83: 1009.5 | U83: 154.1 | V83: 2.1 | W83: 40 | X83: 196.8 | Y83: 793.4 | Z83: 1.5 | AA83: 7.3 | AB83: 974.4 | AH83: =IF(AND(B83="Premier League",E83="Live"),_xlfn.XLOOKUP(_xlfn.TEXTJOIN(" vs ",,C83:D83),Calendar!G:G,Calendar!B:B),IF(AND(B83="Premier League",E83="Highlights"),_xlfn.XLOOKUP(H83,Calendar!O:O,Calendar!N:N,,-1),"")) -> #N/A
A84: OVN | B84: Premier League | C84: West Ham United | D84: Chelsea | E84: Live | F84: 0.83333333 | H84: 45891 | I84: 2025/26 | J84: Fri | K84: Whistle-to-Whistle | L84: Sky Sports Premier League | M84: Sky Sports | N84: 0.83333333 | O84: 0.91388889 | P84: 0.080555556 | Q84: 585.7 | R84: 0.9 | S84: 5.2 | T84: 780.4 | U84: 65.1 | V84: 0.9 | W84: 16.9 | X84: 135.1 | Y84: 554.5 | Z84: 1.1 | AA84: 5.1 | AB84: 734.2 | AH84: =IF(AND(B84="Premier League",E84="Live"),_xlfn.XLOOKUP(_xlfn.TEXTJOIN(" vs ",,C84:D84),Calendar!G:G,Calendar!B:B),IF(AND(B84="Premier League",E84="Highlights"),_xlfn.XLOOKUP(H84,Calendar!O:O,Calendar!N:N,,-1),"")) -> #N/A
A85: OVN | B85: Sky Bet Championship | C85: Charlton Athletic | D85: Leicester City | E85: Live | F85: 0.52083333 | H85: 45892 | I85: 2025/26 | J85: Sat | K85: Whistle-to-Whistle | L85: Sky Sports Main Event | M85: Sky Sports | N85: 0.52152778 | O85: 0.60277778 | P85: 0.08125 | Q85: 124.3 | R85: 0.2 | S85: 2.4 | T85: 159.8 | U85: 9 | V85: 0.1 | W85: 3.6 | X85: 15.4 | Y85: 117.2 | Z85: 0.2 | AA85: 2.3 | AB85: 148.9 | AH85: =IF(AND(B85="Premier League",E85="Live"),_xlfn.XLOOKUP(_xlfn.TEXTJOIN(" vs ",,C85:D85),Calendar!G:G,Calendar!B:B),IF(AND(B85="Premier League",E85="Highlights"),_xlfn.XLOOKUP(H85,Calendar!O:O,Calendar!N:N,,-1),""))
A86: OVN | B86: Sky Bet Championship | C86: Charlton Athletic | D86: Leicester City | E86: Live | F86: 0.52083333 | H86: 45892 | I86: 2025/26 | J86: Sat | K86: Whistle-to-Whistle | L86: Sky Sports Football | M86: Sky Sports | N86: 0.52152778 | O86: 0.60277778 | P86: 0.08125 | Q86: 56 | R86: 0.1 | S86: 1.1 | T86: 87.7 | U86: 0.3 | V86: 0 | W86: 0.1 | X86: 7.6 | Y86: 54.4 | Z86: 0.1 | AA86: 1.1 | AB86: 84.6 | AH86: =IF(AND(B86="Premier League",E86="Live"),_xlfn.XLOOKUP(_xlfn.TEXTJOIN(" vs ",,C86:D86),Calendar!G:G,Calendar!B:B),IF(AND(B86="Premier League",E86="Highlights"),_xlfn.XLOOKUP(H86,Calendar!O:O,Calendar!N:N,,-1),""))
A87: OVN | B87: Sky Bet Championship | C87: Hull City | D87: Blackburn Rovers | E87: Live | F87: 0.52083333 | H87: 45892 | I87: 2025/26 | J87: Sat | K87: Whistle-to-Whistle | L87: Sky Sports+ | M87: Sky Sports | N87: 0.52152778 | O87: 0.6 | P87: 0.078472222 | Q87: 28.2 | R87: 0 | S87: 0.5 | T87: 44.2 | U87: 0 | V87: 0 | W87: 0 | X87: - | Y87: 22.7 | Z87: 0 | AA87: 0.5 | AB87: 37.7 | AH87: =IF(AND(B87="Premier League",E87="Live"),_xlfn.XLOOKUP(_xlfn.TEXTJOIN(" vs ",,C87:D87),Calendar!G:G,Calendar!B:B),IF(AND(B87="Premier League",E87="Highlights"),_xlfn.XLOOKUP(H87,Calendar!O:O,Calendar!N:N,,-1),""))
A88: OVN | B88: Premier League | C88: Manchester City | D88: Tottenham Hotspur | E88: Live | F88: 0.52083333 | H88: 45892 | I88: 2025/26 | J88: Sat | K88: Whistle-to-Whistle | L88: TNT Sports 1 | M88: TNT Sports | N88: 0.52222222 | O88: 0.60416667 | P88: 0.081944444 | Q88: 1003.4 | R88: 1.6 | S88: 19.4 | T88: 1223 | U88: 158.6 | V88: 2.2 | W88: 64 | X88: 218 | Y88: 959.4 | Z88: 1.8 | AA88: 19.2 | AB88: 1163 | AH88: =IF(AND(B88="Premier League",E88="Live"),_xlfn.XLOOKUP(_xlfn.TEXTJOIN(" vs ",,C88:D88),Calendar!G:G,Calendar!B:B),IF(AND(B88="Premier League",E88="Highlights"),_xlfn.XLOOKUP(H88,Calendar!O:O,Calendar!N:N,,-1),"")) -> #N/A
A89: OVN | B89: Premier League | C89: Arsenal | D89: Leeds United | E89: Live | F89: 0.72916667 | H89: 45892 | I89: 2025/26 | J89: Sat | K89: Whistle-to-Whistle | L89: Sky Sports Main Event | M89: Sky Sports | N89: 0.72916667 | O89: 0.80972222 | P89: 0.080555556 | Q89: 961 | R89: 1.6 | S89: 10.6 | T89: 1090.2 | U89: 82.1 | V89: 1.1 | W89: 28.6 | X89: 110.2 | Y89: 875.8 | Z89: 1.7 | AA89: 10 | AB89: 1009.1 | AH89: =IF(AND(B89="Premier League",E89="Live"),_xlfn.XLOOKUP(_xlfn.TEXTJOIN(" vs ",,C89:D89),Calendar!G:G,Calendar!B:B),IF(AND(B89="Premier League",E89="Highlights"),_xlfn.XLOOKUP(H89,Calendar!O:O,Calendar!N:N,,-1),"")) -> #N/A
A90: OVN | B90: Premier League | C90: Arsenal | D90: Leeds United | E90: Live | F90: 0.72916667 | H90: 45892 | I90: 2025/26 | J90: Sat | K90: Whistle-to-Whistle | L90: Sky Sports Premier League | M90: Sky Sports | N90: 0.72916667 | O90: 0.80972222 | P90: 0.080555556 | Q90: 669.9 | R90: 1.1 | S90: 7.4 | T90: 756.1 | U90: 101.9 | V90: 1.4 | W90: 35.6 | X90: 126.7 | Y90: 631.9 | Z90: 1.2 | AA90: 7.2 | AB90: 711.8 | AH90: =IF(AND(B90="Premier League",E90="Live"),_xlfn.XLOOKUP(_xlfn.TEXTJOIN(" vs ",,C90:D90),Calendar!G:G,Calendar!B:B),IF(AND(B90="Premier League",E90="Highlights"),_xlfn.XLOOKUP(H90,Calendar!O:O,Calendar!N:N,,-1),"")) -> #N/A
A91: OVN | B91: Premier League | C91: Brentford | D91: Aston Villa | E91: Near Live | F91: 0.85416667 | H91: 45892 | I91: 2025/26 | J91: Sat | K91: Whistle-to-Whistle | L91: Sky Sports Premier League | M91: Sky Sports | N91: 0.86666667 | O91: 0.94444444 | P91: 0.077777778 | Q91: 37 | R91: 0.1 | S91: 0.5 | T91: 100.3 | U91: 1.8 | V91: 0 | W91: 1.3 | X91: 5.2 | Y91: 36.4 | Z91: 0.1 | AA91: 0.5 | AB91: 88 | AH91: =IF(AND(B91="Premier League",E91="Live"),_xlfn.XLOOKUP(_xlfn.TEXTJOIN(" vs ",,C91:D91),Calendar!G:G,Calendar!B:B),IF(AND(B91="Premier League",E91="Highlights"),_xlfn.XLOOKUP(H91,Calendar!O:O,Calendar!N:N,,-1),""))
A92: OVN | B92: Premier League | E92: Highlights | F92: 0.93055556 | H92: 45892 | I92: 2025/26 | J92: Sat | K92: Match Of The Day | L92: BBC 1 | M92: BBC | N92: 0.93055556 | O92: 0.98611111 | P92: 0.055555556 | Q92: 1667.6 | R92: 2.7 | S92: 29 | T92: 2137.7 | U92: 62.2 | V92: 0.9 | W92: 51.2 | X92: 84.3 | Y92: 1600.8 | Z92: 3 | AA92: 28.6 | AB92: 2069 | AH92: =IF(AND(B92="Premier League",E92="Live"),_xlfn.XLOOKUP(_xlfn.TEXTJOIN(" vs ",,C92:D92),Calendar!G:G,Calendar!B:B),IF(AND(B92="Premier League",E92="Highlights"),_xlfn.XLOOKUP(H92,Calendar!O:O,Calendar!N:N,,-1),"")) -> Matchweek 01
A93: OVN | B93: Scottish Premiership | C93: St Mirren | D93: Rangers | E93: Live | F93: 0.5 | H93: 45893 | I93: 2025/26 | J93: Sun | K93: Whistle-to-Whistle | L93: Sky Sports Football | M93: Sky Sports | N93: 0.5 | O93: 0.57986111 | P93: 0.079861111 | Q93: 196.9 | R93: 0.3 | S93: 4.2 | T93: 376.5 | U93: 19.8 | V93: 0.3 | W93: 14.8 | X93: 32.3 | Y93: 193.7 | Z93: 0.4 | AA93: 4.3 | AB93: 368.8 | AH93: =IF(AND(B93="Premier League",E93="Live"),_xlfn.XLOOKUP(_xlfn.TEXTJOIN(" vs ",,C93:D93),Calendar!G:G,Calendar!B:B),IF(AND(B93="Premier League",E93="Highlights"),_xlfn.XLOOKUP(H93,Calendar!O:O,Calendar!N:N,,-1),""))
A94: OVN | B94: Premier League | C94: Crystal Palace | D94: Nottingham Forest | E94: Live | F94: 0.58333333 | H94: 45893 | I94: 2025/26 | J94: Sun | K94: Whistle-to-Whistle | L94: Sky Sports Premier League | M94: Sky Sports | N94: 0.58402778 | O94: 0.6625 | P94: 0.078472222 | Q94: 480.7 | R94: 0.8 | S94: 8.7 | T94: 633.3 | U94: 65.7 | V94: 0.9 | W94: 28.3 | X94: 97.9 | Y94: 447.5 | Z94: 0.8 | AA94: 8.4 | AB94: 592 | AH94: =IF(AND(B94="Premier League",E94="Live"),_xlfn.XLOOKUP(_xlfn.TEXTJOIN(" vs ",,C94:D94),Calendar!G:G,Calendar!B:B),IF(AND(B94="Premier League",E94="Highlights"),_xlfn.XLOOKUP(H94,Calendar!O:O,Calendar!N:N,,-1),"")) -> #N/A
A95: OVN | B95: Premier League | C95: Everton | D95: Brighton & Hove Albion | E95: Live | F95: 0.58333333 | H95: 45893 | I95: 2025/26 | J95: Sun | K95: Whistle-to-Whistle | L95: Sky Sports Main Event | M95: Sky Sports | N95: 0.58402778 | O95: 0.66388889 | P95: 0.079861111 | Q95: 883.1 | R95: 1.4 | S95: 16 | T95: 1067.7 | U95: 85.3 | V95: 1.2 | W95: 36.6 | X95: 141.1 | Y95: 853.3 | Z95: 1.6 | AA95: 15.9 | AB95: 1030.4 | AH95: =IF(AND(B95="Premier League",E95="Live"),_xlfn.XLOOKUP(_xlfn.TEXTJOIN(" vs ",,C95:D95),Calendar!G:G,Calendar!B:B),IF(AND(B95="Premier League",E95="Highlights"),_xlfn.XLOOKUP(H95,Calendar!O:O,Calendar!N:N,,-1),"")) -> #N/A
A96: OVN | B96: Premier League | C96: Fulham | D96: Manchester United | E96: Live | F96: 0.6875 | H96: 45893 | I96: 2025/26 | J96: Sun | K96: Whistle-to-Whistle | L96: Sky Sports Main Event | M96: Sky Sports | N96: 0.6875 | O96: 0.76597222 | P96: 0.078472222 | Q96: 1435.6 | R96: 2.3 | S96: 17.6 | T96: 1666.7 | U96: 184.1 | V96: 2.5 | W96: 44.7 | X96: 237.2 | Y96: 1368.3 | Z96: 2.6 | AA96: 17.4 | AB96: 1600 | AH96: =IF(AND(B96="Premier League",E96="Live"),_xlfn.XLOOKUP(_xlfn.TEXTJOIN(" vs ",,C96:D96),Calendar!G:G,Calendar!B:B),IF(AND(B96="Premier League",E96="Highlights"),_xlfn.XLOOKUP(H96,Calendar!O:O,Calendar!N:N,,-1),"")) -> #N/A
A97: OVN | B97: Premier League | C97: Fulham | D97: Manchester United | E97: Live | F97: 0.6875 | H97: 45893 | I97: 2025/26 | J97: Sun | K97: Whistle-to-Whistle | L97: Sky Sports Premier League | M97: Sky Sports | N97: 0.6875 | O97: 0.76597222 | P97: 0.078472222 | Q97: 735.8 | R97: 1.2 | S97: 9 | T97: 843.1 | U97: 107.6 | V97: 1.5 | W97: 26.1 | X97: 145.1 | Y97: 699.9 | Z97: 1.3 | AA97: 8.9 | AB97: 804.3 | AH97: =IF(AND(B97="Premier League",E97="Live"),_xlfn.XLOOKUP(_xlfn.TEXTJOIN(" vs ",,C97:D97),Calendar!G:G,Calendar!B:B),IF(AND(B97="Premier League",E97="Highlights"),_xlfn.XLOOKUP(H97,Calendar!O:O,Calendar!N:N,,-1),"")) -> #N/A
A98: OVN | B98: Premier League | E98: Highlights | F98: 0.36111111 | H98: 45893 | I98: 2025/26 | J98: Sun | K98: Match Of The Day Repeat | L98: BBC 1 | M98: BBC | N98: 0.36111111 | O98: 0.41666667 | P98: 0.055555556 | Q98: 835.9 | R98: 1.4 | S98: 22.7 | T98: 1212.7 | U98: 15 | V98: 0.2 | W98: 29.3 | X98: 30 | Y98: 813.2 | Z98: 1.5 | AA98: 23 | AB98: 1185.4 | AH98: =IF(AND(B98="Premier League",E98="Live"),_xlfn.XLOOKUP(_xlfn.TEXTJOIN(" vs ",,C98:D98),Calendar!G:G,Calendar!B:B),IF(AND(B98="Premier League",E98="Highlights"),_xlfn.XLOOKUP(H98,Calendar!O:O,Calendar!N:N,,-1),"")) -> Matchweek 01
A99: OVN | B99: Premier League | E99: Highlights | F99: 0.9375 | H99: 45893 | I99: 2025/26 | J99: Sun | K99: Match Of The Day | L99: BBC 1 | M99: BBC | N99: 0.9375 | O99: 0.97916667 | P99: 0.041666667 | Q99: 1486.2 | R99: 2.4 | S99: 23.8 | T99: 2505.1 | U99: 21.3 | V99: 0.3 | W99: 14.6 | X99: 53.4 | Y99: 1467.5 | Z99: 2.8 | AA99: 23.9 | AB99: 2466.8 | AH99: =IF(AND(B99="Premier League",E99="Live"),_xlfn.XLOOKUP(_xlfn.TEXTJOIN(" vs ",,C99:D99),Calendar!G:G,Calendar!B:B),IF(AND(B99="Premier League",E99="Highlights"),_xlfn.XLOOKUP(H99,Calendar!O:O,Calendar!N:N,,-1),"")) -> Matchweek 01
A100: OVN | B100: Premier League | C100: Newcastle United | D100: Liverpool | E100: Live | F100: 0.83333333 | H100: 45894 | I100: 2025/26 | J100: Mon | K100: Whistle-to-Whistle | L100: Sky Sports Main Event | M100: Sky Sports | N100: 0.83333333 | O100: 0.92013889 | P100: 0.086805556 | Q100: 1639.1 | R100: 2.7 | S100: 13.2 | T100: 1904.6 | U100: 225.5 | V100: 3.1 | W100: 44.3 | X100: 277.6 | Y100: 1582.5 | Z100: 3 | AA100: 13.1 | AB100: 1823.8 | AH100: =IF(AND(B100="Premier League",E100="Live"),_xlfn.XLOOKUP(_xlfn.TEXTJOIN(" vs ",,C100:D100),Calendar!G:G,Calendar!B:B),IF(AND(B100="Premier League",E100="Highlights"),_xlfn.XLOOKUP(H100,Calendar!O:O,Calendar!N:N,,-1),"")) -> #N/A
A101: OVN | B101: Premier League | C101: Newcastle United | D101: Liverpool | E101: Live | F101: 0.83333333 | H101: 45894 | I101: 2025/26 | J101: Mon | K101: Whistle-to-Whistle | L101: Sky Sports Premier League | M101: Sky Sports | N101: 0.83333333 | O101: 0.92013889 | P101: 0.086805556 | Q101: 987.2 | R101: 1.6 | S101: 8 | T101: 1157.1 | U101: 154.5 | V101: 2.1 | W101: 30.3 | X101: 198.1 | Y101: 939.6 | Z101: 1.8 | AA101: 7.8 | AB101: 1127.2 | AH101: =IF(AND(B101="Premier League",E101="Live"),_xlfn.XLOOKUP(_xlfn.TEXTJOIN(" vs ",,C101:D101),Calendar!G:G,Calendar!B:B),IF(AND(B101="Premier League",E101="Highlights"),_xlfn.XLOOKUP(H101,Calendar!O:O,Calendar!N:N,,-1),"")) -> #N/A
A102: OVN | B102: Premier League | E102: Highlights | F102: 0.33333333 | H102: 45894 | I102: 2025/26 | J102: Mon | K102: Match Of The Day Repeat | L102: BBC 2 | M102: BBC | N102: 0.33333333 | O102: 0.375 | P102: 0.041666667 | Q102: 148.2 | R102: 0.2 | S102: 4.4 | T102: 211.6 | U102: 13.6 | V102: 0.2 | W102: 20.1 | X102: 18.2 | Y102: 133.5 | Z102: 0.3 | AA102: 4.2 | AB102: 194.7 | AH102: =IF(AND(B102="Premier League",E102="Live"),_xlfn.XLOOKUP(_xlfn.TEXTJOIN(" vs ",,C102:D102),Calendar!G:G,Calendar!B:B),IF(AND(B102="Premier League",E102="Highlights"),_xlfn.XLOOKUP(H102,Calendar!O:O,Calendar!N:N,,-1),"")) -> Matchweek 01
A103: OVN | B103: Carabao Cup | C103: Wolverhampton Wanderers | D103: West Ham United | E103: Live | F103: 0.8125 | H103: 45895 | I103: 2025/26 | J103: Tue | K103: Whistle-to-Whistle | L103: Sky Sports+ | M103: Sky Sports | N103: 0.8125 | O103: 0.89236111 | P103: =O103-N103 -> 0.079861111 | Q103: 250 | R103: 0.4 | S103: 2.3 | T103: 424.8 | U103: 34.3 | V103: 0.5 | W103: 16.5 | X103: 52.9 | Y103: 238.7 | Z103: 0.5 | AA103: 2.3 | AB103: 408.6 | AH103: =IF(AND(B103="Premier League",E103="Live"),_xlfn.XLOOKUP(_xlfn.TEXTJOIN(" vs ",,C103:D103),Calendar!G:G,Calendar!B:B),IF(AND(B103="Premier League",E103="Highlights"),_xlfn.XLOOKUP(H103,Calendar!O:O,Calendar!N:N,,-1),""))
A104: OVN | B104: Carabao Cup | C104: Sheffield Wednesday | D104: Leeds United | E104: Live | F104: 0.83333333 | H104: 45895 | I104: 2025/26 | J104: Tue | K104: Whistle-to-Whistle | L104: Sky Sports Football | M104: Sky Sports | N104: 0.83333333 | O104: 0.91805556 | P104: =O104-N104 -> 0.084722222 | Q104: 90.3 | R104: 0.1 | S104: 0.8 | T104: 196.2 | U104: 8.4 | V104: 0.1 | W104: 3.8 | X104: 19.5 | Y104: 89.1 | Z104: 0.2 | AA104: 0.8 | AB104: 192.4 | AH104: =IF(AND(B104="Premier League",E104="Live"),_xlfn.XLOOKUP(_xlfn.TEXTJOIN(" vs ",,C104:D104),Calendar!G:G,Calendar!B:B),IF(AND(B104="Premier League",E104="Highlights"),_xlfn.XLOOKUP(H104,Calendar!O:O,Calendar!N:N,,-1),""))
A105: OVN | B105: UEFA Champions League | C105: Pafos | D105: Crvena zvezda | E105: Live | F105: 0.83333333 | H105: 45895 | I105: 2025/26 | J105: Tue | K105: Whistle-to-Whistle | L105: TNT Sports 2 | M105: TNT Sports | N105: 0.83402778 | O105: 0.90972222 | P105: =O105-N105 -> 0.075694444 | Q105: 5.8 | R105: 0 | S105: 0.1 | T105: 28.7 | U105: 0 | V105: 0 | W105: 0 | X105: 4.6 | Y105: 5.8 | Z105: 0 | AA105: 0.1 | AB105: 28.7 | AH105: =IF(AND(B105="Premier League",E105="Live"),_xlfn.XLOOKUP(_xlfn.TEXTJOIN(" vs ",,C105:D105),Calendar!G:G,Calendar!B:B),IF(AND(B105="Premier League",E105="Highlights"),_xlfn.XLOOKUP(H105,Calendar!O:O,Calendar!N:N,,-1),""))
A106: OVN | B106: UEFA Champions League | C106: FK Qarabag | D106: Ferencvaros | E106: Live | F106: 0.73958333 | H106: 45896 | I106: 2025/26 | J106: Wed | K106: Whistle-to-Whistle | L106: TNT Sports 2 | M106: TNT Sports | N106: 0.74027778 | O106: 0.81944444 | P106: =O106-N106 -> 0.079166667 | Q106: 19.8 | R106: 0 | S106: 0.2 | T106: 60.8 | U106: 0 | V106: 0 | W106: 0 | X106: - | Y106: 19.8 | Z106: 0 | AA106: 0.2 | AB106: 60.8 | AH106: =IF(AND(B106="Premier League",E106="Live"),_xlfn.XLOOKUP(_xlfn.TEXTJOIN(" vs ",,C106:D106),Calendar!G:G,Calendar!B:B),IF(AND(B106="Premier League",E106="Highlights"),_xlfn.XLOOKUP(H106,Calendar!O:O,Calendar!N:N,,-1),""))
...

Sheet OVN Aggregated Audiences
A1: x
A2: x
A3: x
A4: x
A5: x
A6: x
A7: x
A8: x | Q8: All Individuals 4+ (1 Minute) | U8: Men 16-34 (1 Minute) | Y8: Adults 16+ (1 Minute)
A9: Type | B9: Competition | C9: Home Team | D9: Away Team | E9: Type of programme | F9: Time slot | G9: TV Package | H9: Date | I9: Season | J9: Day | K9: Programme Title | L9: Channel | M9: Broadcaster | N9: Start Time | O9: End Time | P9: Duration | Q9: 000's | R9: TVR | S9: Share | T9: Peak | U9: 000's | V9: TVR | W9: Share | X9: Peak | Y9: 000's | Z9: TVR | AA9: Share | AB9: Peak | AC9: OTT Total Audience | AD9: PC/Laptop | AE9: Tablet | AF9: Smart Phone | AG9: Match Type | AH9: Matchweek | AI9: Match ID | AJ9: MOTD ID
A10: OVN | B10: Scottish Premiership | C10: Motherwell | D10: Rangers | E10: Live | F10: 0.72916667 | H10: 45871 | I10: 2025/26 | J10: Sat | K10: Whistle-to-Whistle | L10: Sky Sports Main Event | M10: Sky Sports | N10: 0.72916667 | O10: 0.80694444 | P10: 0.077777778 | Q10: 270.8 | R10: 0.439 | S10: 3.343 | T10: 379.5 | U10: 28.1 | V10: 0.386 | W10: 13.931 | X10: 63.9 | Y10: 267.3 | Z10: 0.507 | AA10: 3.41 | AB10: 372.1 | AH10: =IF(AND(B10="Premier League",E10="Live"),_xlfn.XLOOKUP(_xlfn.TEXTJOIN(" vs ",,C10:D10),Calendar!G:G,Calendar!B:B),IF(AND(B10="Premier League",E10="Highlights"),_xlfn.XLOOKUP(H10,Calendar!O:O,Calendar!N:N,,-1),"")) | AI10: =IF(AND(AH10<>"",E10="Live"),_xlfn.XLOOKUP(_xlfn.TEXTJOIN(" vs ",,C10:D10),Calendar!G:G,Calendar!K:K),"") | AJ10: =IF(AND(K10<>"Match of the Day",K10<>"Match of the Day 2",K10<>"Match of the Day Repeat"),"",1+MAX(#REF!))
A11: OVN | B11: Sky Bet League One | C11: Stockport County | D11: Bolton Wanderers | E11: Live | F11: 0.5 | H11: 45872 | I11: 2025/26 | J11: Sun | K11: Whistle-to-Whistle | L11: Sky Sports Football | M11: Sky Sports | N11: 0.5 | O11: 0.53333333 | P11: 0.033333333 | Q11: 98.6 | R11: 0.16 | S11: 1.967 | T11: 120.8 | U11: 13.5 | V11: 0.186 | W11: 8.432 | X11: 15.3 | Y11: 89.3 | Z11: 0.169 | AA11: 1.836 | AB11: 111.5 | AH11: =IF(AND(B11="Premier League",E11="Live"),_xlfn.XLOOKUP(_xlfn.TEXTJOIN(" vs ",,C11:D11),Calendar!G:G,Calendar!B:B),IF(AND(B11="Premier League",E11="Highlights"),_xlfn.XLOOKUP(H11,Calendar!O:O,Calendar!N:N,,-1),"")) | AI11: =IF(AND(AH11<>"",E11="Live"),_xlfn.XLOOKUP(_xlfn.TEXTJOIN(" vs ",,C11:D11),Calendar!G:G,Calendar!K:K),"") | AJ11: =IF(AND(K11<>"Match of the Day",K11<>"Match of the Day 2",K11<>"Match of the Day Repeat"),"",1+MAX($AJ$10:AJ10))
A12: OVN | B12: Scottish Premiership | C12: Falkirk | D12: Dundee United | E12: Live | F12: 0.58333333 | H12: 45872 | I12: 2025/26 | J12: Sun | K12: Whistle-to-Whistle | L12: Sky Sports Football | M12: Sky Sports | N12: 0.58333333 | O12: 0.6625 | P12: 0.079166667 | Q12: 82.7 | R12: 0.134 | S12: 1.226 | T12: 160 | U12: 10.9 | V12: 0.15 | W12: 4.39 | X12: 19.2 | Y12: 82 | Z12: 0.156 | AA12: 1.251 | AB12: 156.8 | AH12: =IF(AND(B12="Premier League",E12="Live"),_xlfn.XLOOKUP(_xlfn.TEXTJOIN(" vs ",,C12:D12),Calendar!G:G,Calendar!B:B),IF(AND(B12="Premier League",E12="Highlights"),_xlfn.XLOOKUP(H12,Calendar!O:O,Calendar!N:N,,-1),"")) | AI12: =IF(AND(AH12<>"",E12="Live"),_xlfn.XLOOKUP(_xlfn.TEXTJOIN(" vs ",,C12:D12),Calendar!G:G,Calendar!K:K),"") | AJ12: =IF(AND(K12<>"Match of the Day",K12<>"Match of the Day 2",K12<>"Match of the Day Repeat"),"",1+MAX($AJ$10:AJ11))
A13: OVN | B13: Scottish Premiership | C13: Celtic | D13: St Mirren | E13: Live | F13: 0.6875 | H13: 45872 | I13: 2025/26 | J13: Sun | K13: Whistle-to-Whistle | L13: Sky Sports Main Event | M13: Sky Sports | N13: 0.68958333 | O13: 0.76875 | P13: 0.079166667 | Q13: 253.2 | R13: 0.41 | S13: 3.05 | T13: 394.6 | U13: 15 | V13: 0.207 | W13: 7.553 | X13: 50.1 | Y13: 249.5 | Z13: 0.473 | AA13: 3.085 | AB13: 389.1 | AH13: =IF(AND(B13="Premier League",E13="Live"),_xlfn.XLOOKUP(_xlfn.TEXTJOIN(" vs ",,C13:D13),Calendar!G:G,Calendar!B:B),IF(AND(B13="Premier League",E13="Highlights"),_xlfn.XLOOKUP(H13,Calendar!O:O,Calendar!N:N,,-1),"")) | AI13: =IF(AND(AH13<>"",E13="Live"),_xlfn.XLOOKUP(_xlfn.TEXTJOIN(" vs ",,C13:D13),Calendar!G:G,Calendar!K:K),"") | AJ13: =IF(AND(K13<>"Match of the Day",K13<>"Match of the Day 2",K13<>"Match of the Day Repeat"),"",1+MAX($AJ$10:AJ12))
A14: OVN | B14: Scottish Premiership | C14: Hearts | D14: Aberdeen | E14: Live | F14: 0.83333333 | H14: 45873 | I14: 2025/26 | J14: Mon | K14: Whistle-to-Whistle | L14: Sky Sports Main Event | M14: Sky Sports | N14: 0.83333333 | O14: 0.91319444 | P14: 0.079861111 | Q14: 192.4 | R14: 0.312 | S14: 1.811 | T14: 275.3 | U14: 6.1 | V14: 0.084 | W14: 2.796 | X14: 20.3 | Y14: 187.9 | Z14: 0.356 | AA14: 1.808 | AB14: 269.9 | AH14: =IF(AND(B14="Premier League",E14="Live"),_xlfn.XLOOKUP(_xlfn.TEXTJOIN(" vs ",,C14:D14),Calendar!G:G,Calendar!B:B),IF(AND(B14="Premier League",E14="Highlights"),_xlfn.XLOOKUP(H14,Calendar!O:O,Calendar!N:N,,-1),"")) | AI14: =IF(AND(AH14<>"",E14="Live"),_xlfn.XLOOKUP(_xlfn.TEXTJOIN(" vs ",,C14:D14),Calendar!G:G,Calendar!K:K),"") | AJ14: =IF(AND(K14<>"Match of the Day",K14<>"Match of the Day 2",K14<>"Match of the Day Repeat"),"",1+MAX($AJ$10:AJ13))
A15: OVN | B15: Carabao Cup | C15: Accrington Stanley | D15: Oldham Athletic | E15: Live | F15: 0.82291667 | H15: 45874 | I15: 2025/26 | J15: Tue | K15: Whistle-to-Whistle | L15: Sky Sports Plus | M15: Sky Sports | N15: 0.82291667 | O15: 0.90277778 | P15: 0.079861111 | Q15: 5.4 | R15: 0.009 | S15: 0.051 | T15: 17.8 | U15: 0.1 | V15: 0.001 | W15: 0.05 | X15: 2.2 | Y15: 5.3 | Z15: 0.01 | AA15: 0.051 | AB15: 17.8 | AH15: =IF(AND(B15="Premier League",E15="Live"),_xlfn.XLOOKUP(_xlfn.TEXTJOIN(" vs ",,C15:D15),Calendar!G:G,Calendar!B:B),IF(AND(B15="Premier League",E15="Highlights"),_xlfn.XLOOKUP(H15,Calendar!O:O,Calendar!N:N,,-1),"")) | AI15: =IF(AND(AH15<>"",E15="Live"),_xlfn.XLOOKUP(_xlfn.TEXTJOIN(" vs ",,C15:D15),Calendar!G:G,Calendar!K:K),"") | AJ15: =IF(AND(K15<>"Match of the Day",K15<>"Match of the Day 2",K15<>"Match of the Day Repeat"),"",1+MAX($AJ$10:AJ14))
A16: OVN | B16: UEFA Champions League | C16: Rangers | D16: Viktoria-plzen | E16: Live | F16: 0.82291667 | H16: 45874 | I16: 2025/26 | J16: Tue | K16: Whistle-to-Whistle | L16: BBC Scotland | M16: BBC | N16: 0.82291667 | O16: 0.90138889 | P16: 0.078472222 | Q16: 12.5 | R16: 0.02 | S16: 0.118 | T16: 32.4 | U16: 0 | V16: 0 | W16: 0 | X16: - | Y16: 12.5 | Z16: 0.024 | AA16: 0.121 | AB16: 32.4 | AH16: =IF(AND(B16="Premier League",E16="Live"),_xlfn.XLOOKUP(_xlfn.TEXTJOIN(" vs ",,C16:D16),Calendar!G:G,Calendar!B:B),IF(AND(B16="Premier League",E16="Highlights"),_xlfn.XLOOKUP(H16,Calendar!O:O,Calendar!N:N,,-1),"")) | AI16: =IF(AND(AH16<>"",E16="Live"),_xlfn.XLOOKUP(_xlfn.TEXTJOIN(" vs ",,C16:D16),Calendar!G:G,Calendar!K:K),"") | AJ16: =IF(AND(K16<>"Match of the Day",K16<>"Match of the Day 2",K16<>"Match of the Day Repeat"),"",1+MAX($AJ$10:AJ15))
A17: OVN | B17: Sky Bet League One | C17: Port Vale | D17: Cardiff City | E17: Live | F17: 0.83333333 | H17: 45876 | I17: 2025/26 | J17: Thu | K17: Whistle-to-Whistle | L17: Sky Sports Football | M17: Sky Sports | N17: 0.83333333 | O17: 0.91319444 | P17: 0.079861111 | Q17: 55.2 | R17: 0.089 | S17: 0.545 | T17: 88 | U17: 5.2 | V17: 0.072 | W17: 2.805 | X17: 11.7 | Y17: 50.8 | Z17: 0.096 | AA17: 0.515 | AB17: 84.2 | AH17: =IF(AND(B17="Premier League",E17="Live"),_xlfn.XLOOKUP(_xlfn.TEXTJOIN(" vs ",,C17:D17),Calendar!G:G,Calendar!B:B),IF(AND(B17="Premier League",E17="Highlights"),_xlfn.XLOOKUP(H17,Calendar!O:O,Calendar!N:N,,-1),"")) | AI17: =IF(AND(AH17<>"",E17="Live"),_xlfn.XLOOKUP(_xlfn.TEXTJOIN(" vs ",,C17:D17),Calendar!G:G,Calendar!K:K),"") | AJ17: =IF(AND(K17<>"Match of the Day",K17<>"Match of the Day 2",K17<>"Match of the Day Repeat"),"",1+MAX($AJ$10:AJ16))
A18: OVN | B18: UEFA Europa Conference League | C18: Rapid Vienna | D18: Dundee United | E18: Live | F18: 0.83333333 | H18: 45876 | I18: 2025/26 | J18: Thu | K18: Whistle-to-Whistle | L18: BBC Scotland | M18: BBC | N18: 0.83333333 | O18: 0.91666667 | P18: 0.083333333 | Q18: 171.6 | R18: 0.278 | S18: 1.7 | T18: 232.5 | U18: 8.4 | V18: 0.116 | W18: 4.506 | X18: 16.6 | Y18: 167.3 | Z18: 0.317 | AA18: 1.701 | AB18: 228.9 | AH18: =IF(AND(B18="Premier League",E18="Live"),_xlfn.XLOOKUP(_xlfn.TEXTJOIN(" vs ",,C18:D18),Calendar!G:G,Calendar!B:B),IF(AND(B18="Premier League",E18="Highlights"),_xlfn.XLOOKUP(H18,Calendar!O:O,Calendar!N:N,,-1),"")) | AI18: =IF(AND(AH18<>"",E18="Live"),_xlfn.XLOOKUP(_xlfn.TEXTJOIN(" vs ",,C18:D18),Calendar!G:G,Calendar!K:K),"") | AJ18: =IF(AND(K18<>"Match of the Day",K18<>"Match of the Day 2",K18<>"Match of the Day Repeat"),"",1+MAX($AJ$10:AJ17))
A19: OVN | B19: Sky Bet League One | C19: Port Vale | D19: Cardiff City | E19: Live | F19: 0.83333333 | H19: 45876 | I19: 2025/26 | J19: Thu | K19: Whistle-to-Whistle | L19: Sky Sports Main Event | M19: Sky Sports | N19: 0.83333333 | O19: 0.91319444 | P19: 0.079861111 | Q19: 145.1 | R19: 0.2 | S19: 1.4334 | T19: 246.8 | U19: 8.7 | V19: 0.1 | W19: 4.6925 | X19: 20.9 | Y19: 136.4 | Z19: 0.3 | AA19: 1.3835 | AB19: 240.1 | AH19: =IF(AND(B19="Premier League",E19="Live"),_xlfn.XLOOKUP(_xlfn.TEXTJOIN(" vs ",,C19:D19),Calendar!G:G,Calendar!B:B),IF(AND(B19="Premier League",E19="Highlights"),_xlfn.XLOOKUP(H19,Calendar!O:O,Calendar!N:N,,-1),"")) | AI19: =IF(AND(AH19<>"",E19="Live"),_xlfn.XLOOKUP(_xlfn.TEXTJOIN(" vs ",,C19:D19),Calendar!G:G,Calendar!K:K),"") | AJ19: =IF(AND(K19<>"Match of the Day",K19<>"Match of the Day 2",K19<>"Match of the Day Repeat"),"",1+MAX($AJ$10:AJ18))
A20: OVN | B20: Scottish Championship | C20: Ross County | D20: St Johnstone | E20: Live | F20: 0.82291667 | H20: 45877 | I20: 2025/26 | J20: Fri | K20: Whistle-to-Whistle | L20: BBC Scotland | M20: BBC | N20: 0.82430556 | O20: 0.90208333 | P20: 0.077777778 | Q20: 71.1 | R20: 0.115 | S20: 0.713 | T20: 134.2 | U20: 18.7 | V20: 0.257 | W20: 7.474 | X20: 28.6 | Y20: 69.9 | Z20: 0.133 | AA20: 0.719 | AB20: 130.6 | AH20: =IF(AND(B20="Premier League",E20="Live"),_xlfn.XLOOKUP(_xlfn.TEXTJOIN(" vs ",,C20:D20),Calendar!G:G,Calendar!B:B),IF(AND(B20="Premier League",E20="Highlights"),_xlfn.XLOOKUP(H20,Calendar!O:O,Calendar!N:N,,-1),"")) | AI20: =IF(AND(AH20<>"",E20="Live"),_xlfn.XLOOKUP(_xlfn.TEXTJOIN(" vs ",,C20:D20),Calendar!G:G,Calendar!K:K),"") | AJ20: =IF(AND(K20<>"Match of the Day",K20<>"Match of the Day 2",K20<>"Match of the Day Repeat"),"",1+MAX($AJ$10:AJ19))
A21: OVN | B21: Sky Bet Championship | C21: Birmingham City | D21: Ipswich Town | E21: Live | F21: 0.83333333 | H21: 45877 | I21: 2025/26 | J21: Fri | K21: Whistle-to-Whistle | L21: Sky Sports Main Event | M21: Sky Sports | N21: 0.83402778 | O21: 0.91597222 | P21: 0.081944444 | Q21: 517.8 | R21: 0.8 | S21: 5.2484 | T21: 690.5 | U21: 57.9 | V21: 0.8 | W21: 23.4223 | X21: 86.9 | Y21: 501 | Z21: 0.9 | AA21: 5.2007 | AB21: 669.1 | AH21: =IF(AND(B21="Premier League",E21="Live"),_xlfn.XLOOKUP(_xlfn.TEXTJOIN(" vs ",,C21:D21),Calendar!G:G,Calendar!B:B),IF(AND(B21="Premier League",E21="Highlights"),_xlfn.XLOOKUP(H21,Calendar!O:O,Calendar!N:N,,-1),"")) | AI21: =IF(AND(AH21<>"",E21="Live"),_xlfn.XLOOKUP(_xlfn.TEXTJOIN(" vs ",,C21:D21),Calendar!G:G,Calendar!K:K),"") | AJ21: =IF(AND(K21<>"Match of the Day",K21<>"Match of the Day 2",K21<>"Match of the Day Repeat"),"",1+MAX($AJ$10:AJ20))
A22: OVN | B22: Sky Bet Championship | C22: Coventry City | D22: Hull City | E22: Live | F22: 0.52083333 | H22: 45878 | I22: 2025/26 | J22: Sat | K22: Whistle-to-Whistle | L22: Sky Sports + | M22: Sky Sports | N22: 0.52152778 | O22: 0.60208333 | P22: 0.080555556 | Q22: 66.2 | R22: 0.107 | S22: 1.415 | T22: 87.4 | U22: 3 | V22: 0.041 | W22: 2.182 | X22: 3.7 | Y22: 66.2 | Z22: 0.126 | AA22: 1.464 | AB22: 87.4 | AH22: =IF(AND(B22="Premier League",E22="Live"),_xlfn.XLOOKUP(_xlfn.TEXTJOIN(" vs ",,C22:D22),Calendar!G:G,Calendar!B:B),IF(AND(B22="Premier League",E22="Highlights"),_xlfn.XLOOKUP(H22,Calendar!O:O,Calendar!N:N,,-1),"")) | AI22: =IF(AND(AH22<>"",E22="Live"),_xlfn.XLOOKUP(_xlfn.TEXTJOIN(" vs ",,C22:D22),Calendar!G:G,Calendar!K:K),"") | AJ22: =IF(AND(K22<>"Match of the Day",K22<>"Match of the Day 2",K22<>"Match of the Day Repeat"),"",1+MAX($AJ$10:AJ21))
A23: OVN | B23: Sky Bet Championship | C23: Southampton | D23: Wrexham | E23: Live | F23: 0.52083333 | H23: 45878 | I23: 2025/26 | J23: Sat | K23: Whistle-to-Whistle | L23: Sky Sports Main Event | M23: Sky Sports | N23: 0.52083333 | O23: 0.60208333 | P23: 0.08125 | Q23: 534.2 | R23: 0.865 | S23: 11.425 | T23: 736.1 | U23: 52.7 | V23: 0.725 | W23: 38.383 | X23: 78.6 | Y23: 521.8 | Z23: 0.99 | AA23: 11.548 | AB23: 715.7 | AH23: =IF(AND(B23="Premier League",E23="Live"),_xlfn.XLOOKUP(_xlfn.TEXTJOIN(" vs ",,C23:D23),Calendar!G:G,Calendar!B:B),IF(AND(B23="Premier League",E23="Highlights"),_xlfn.XLOOKUP(H23,Calendar!O:O,Calendar!N:N,,-1),"")) | AI23: =IF(AND(AH23<>"",E23="Live"),_xlfn.XLOOKUP(_xlfn.TEXTJOIN(" vs ",,C23:D23),Calendar!G:G,Calendar!K:K),"") | AJ23: =IF(AND(K23<>"Match of the Day",K23<>"Match of the Day 2",K23<>"Match of the Day Repeat"),"",1+MAX($AJ$10:AJ22))
A24: OVN | B24: Sky Bet Championship | C24: West Brom | D24: Blackburn Rovers | E24: Live | F24: 0.625 | H24: 45878 | I24: 2025/26 | J24: Sat | K24: Whistle-to-Whistle | L24: Sky Sports + | M24: Sky Sports | N24: 0.62569444 | O24: 0.70833333 | P24: 0.082638889 | Q24: 109.5 | R24: 0.177 | S24: 2.176 | T24: 157.6 | U24: 2.3 | V24: 0.032 | W24: 1.934 | X24: 2.7 | Y24: 105 | Z24: 0.199 | AA24: 2.162 | AB24: 152.4 | AH24: =IF(AND(B24="Premier League",E24="Live"),_xlfn.XLOOKUP(_xlfn.TEXTJOIN(" vs ",,C24:D24),Calendar!G:G,Calendar!B:B),IF(AND(B24="Premier League",E24="Highlights"),_xlfn.XLOOKUP(H24,Calendar!O:O,Calendar!N:N,,-1),"")) | AI24: =IF(AND(AH24<>"",E24="Live"),_xlfn.XLOOKUP(_xlfn.TEXTJOIN(" vs ",,C24:D24),Calendar!G:G,Calendar!K:K),"") | AJ24: =IF(AND(K24<>"Match of the Day",K24<>"Match of the Day 2",K24<>"Match of the Day Repeat"),"",1+MAX($AJ$10:AJ23))
A25: OVN | B25: Scottish Premiership | C25: Rangers | D25: Dundee | E25: Live | F25: 0.73958333 | H25: 45878 | I25: 2025/26 | J25: Sat | K25: Whistle-to-Whistle | L25: Premier Sports 1 | M25: Premier Sports | N25: 0.73888889 | O25: 0.81944444 | P25: 0.080555556 | Q25: 104.9 | R25: 0.17 | S25: 1.245 | T25: 131 | U25: 3.4 | V25: 0.047 | W25: 2.129 | X25: 3.5 | Y25: 104.9 | Z25: 0.199 | AA25: 1.276 | AB25: 131 | AH25: =IF(AND(B25="Premier League",E25="Live"),_xlfn.XLOOKUP(_xlfn.TEXTJOIN(" vs ",,C25:D25),Calendar!G:G,Calendar!B:B),IF(AND(B25="Premier League",E25="Highlights"),_xlfn.XLOOKUP(H25,Calendar!O:O,Calendar!N:N,,-1),"")) | AI25: =IF(AND(AH25<>"",E25="Live"),_xlfn.XLOOKUP(_xlfn.TEXTJOIN(" vs ",,C25:D25),Calendar!G:G,Calendar!K:K),"") | AJ25: =IF(AND(K25<>"Match of the Day",K25<>"Match of the Day 2",K25<>"Match of the Day Repeat"),"",1+MAX($AJ$10:AJ24))
A26: OVN | B26: Sky Bet Championship | C26: Sheffield United | D26: Bristol City | E26: Live | F26: 0.72916667 | H26: 45878 | I26: 2025/26 | J26: Sat | K26: Whistle-to-Whistle | L26: Sky Sports Main Event | M26: Sky Sports | N26: 0.72916667 | O26: 0.80833333 | P26: 0.079166667 | Q26: 308.3 | R26: 0.5 | S26: 3.7927 | T26: 428.5 | U26: 25.4 | V26: 0.3 | W26: 15.4878 | X26: 57 | Y26: 301.1 | Z26: 0.5 | AA26: 3.7946 | AB26: 423.9 | AH26: =IF(AND(B26="Premier League",E26="Live"),_xlfn.XLOOKUP(_xlfn.TEXTJOIN(" vs ",,C26:D26),Calendar!G:G,Calendar!B:B),IF(AND(B26="Premier League",E26="Highlights"),_xlfn.XLOOKUP(H26,Calendar!O:O,Calendar!N:N,,-1),"")) | AI26: =IF(AND(AH26<>"",E26="Live"),_xlfn.XLOOKUP(_xlfn.TEXTJOIN(" vs ",,C26:D26),Calendar!G:G,Calendar!K:K),"") | AJ26: =IF(AND(K26<>"Match of the Day",K26<>"Match of the Day 2",K26<>"Match of the Day Repeat"),"",1+MAX($AJ$10:AJ25))
A27: OVN | B27: Scottish Premiership | C27: Aberdeen | D27: Celtic | E27: Live | F27: 0.52083333 | H27: 45879 | I27: 2025/26 | J27: Sun | K27: Whistle-to-Whistle | L27: Sky Sports Football | M27: Sky Sports | N27: 0.52152778 | O27: 0.59930556 | P27: 0.077777778 | Q27: 99.3 | R27: 0.161 | S27: 2.26 | T27: 142.5 | U27: 5.9 | V27: 0.081 | W27: 4.66 | X27: 11 | Y27: 91.2 | Z27: 0.173 | AA27: 2.154 | AB27: 119.8 | AH27: =IF(AND(B27="Premier League",E27="Live"),_xlfn.XLOOKUP(_xlfn.TEXTJOIN(" vs ",,C27:D27),Calendar!G:G,Calendar!B:B),IF(AND(B27="Premier League",E27="Highlights"),_xlfn.XLOOKUP(H27,Calendar!O:O,Calendar!N:N,,-1),"")) | AI27: =IF(AND(AH27<>"",E27="Live"),_xlfn.XLOOKUP(_xlfn.TEXTJOIN(" vs ",,C27:D27),Calendar!G:G,Calendar!K:K),"") | AJ27: =IF(AND(K27<>"Match of the Day",K27<>"Match of the Day 2",K27<>"Match of the Day Repeat"),"",1+MAX($AJ$10:AJ26))
A28: OVN | B28: FA Community Shield | C28: Liverpool | D28: Crystal Palace | E28: Live | F28: 0.625 | H28: 45879 | I28: 2025/26 | J28: Sun | K28: Whistle-to-Whistle | L28: TNT Sports 1 | M28: TNT Sports | N28: 0.62638889 | O28: 0.71944444 | P28: 0.093055556 | Q28: 1289 | R28: 2.087 | S28: 19.814 | T28: 1715.1 | U28: 216.7 | V28: 2.981 | W28: 60.228 | X28: 278.1 | Y28: 1215.8 | Z28: 2.307 | AA28: 19.426 | AB28: 1607.1 | AH28: =IF(AND(B28="Premier League",E28="Live"),_xlfn.XLOOKUP(_xlfn.TEXTJOIN(" vs ",,C28:D28),Calendar!G:G,Calendar!B:B),IF(AND(B28="Premier League",E28="Highlights"),_xlfn.XLOOKUP(H28,Calendar!O:O,Calendar!N:N,,-1),"")) | AI28: =IF(AND(AH28<>"",E28="Live"),_xlfn.XLOOKUP(_xlfn.TEXTJOIN(" vs ",,C28:D28),Calendar!G:G,Calendar!K:K),"") | AJ28: =IF(AND(K28<>"Match of the Day",K28<>"Match of the Day 2",K28<>"Match of the Day Repeat"),"",1+MAX($AJ$10:AJ27))
A29: OVN | B29: Sky Bet Championship | C29: Leicester City | D29: Sheffield Wednesday | E29: Live | F29: 0.6875 | H29: 45879 | I29: 2025/26 | J29: Sun | K29: Whistle-to-Whistle | L29: Sky Sports Main Event | M29: Sky Sports | N29: 0.6875 | O29: 0.77013889 | P29: 0.082638889 | Q29: 539.4 | R29: 0.8 | S29: 6.9666 | T29: 728.1 | U29: 57 | V29: 0.8 | W29: 17.3993 | X29: 110.8 | Y29: 514.7 | Z29: 1 | AA29: 6.8681 | AB29: 692.6 | AH29: =IF(AND(B29="Premier League",E29="Live"),_xlfn.XLOOKUP(_xlfn.TEXTJOIN(" vs ",,C29:D29),Calendar!G:G,Calendar!B:B),IF(AND(B29="Premier League",E29="Highlights"),_xlfn.XLOOKUP(H29,Calendar!O:O,Calendar!N:N,,-1),"")) | AI29: =IF(AND(AH29<>"",E29="Live"),_xlfn.XLOOKUP(_xlfn.TEXTJOIN(" vs ",,C29:D29),Calendar!G:G,Calendar!K:K),"") | AJ29: =IF(AND(K29<>"Match of the Day",K29<>"Match of the Day 2",K29<>"Match of the Day Repeat"),"",1+MAX($AJ$10:AJ28))
A30: OVN | B30: Carabao Cup | C30: West Brom | D30: Derby County | E30: Live | F30: 0.82291667 | H30: 45881 | I30: 2025/26 | J30: Tue | K30: Whistle-to-Whistle | L30: Sky Sports + | M30: Sky Sports | N30: 0.82361111 | O30: 0.9125 | P30: 0.088888889 | AH30: =IF(AND(B30="Premier League",E30="Live"),_xlfn.XLOOKUP(_xlfn.TEXTJOIN(" vs ",,C30:D30),Calendar!G:G,Calendar!B:B),IF(AND(B30="Premier League",E30="Highlights"),_xlfn.XLOOKUP(H30,Calendar!O:O,Calendar!N:N,,-1),"")) | AI30: =IF(AND(AH30<>"",E30="Live"),_xlfn.XLOOKUP(_xlfn.TEXTJOIN(" vs ",,C30:D30),Calendar!G:G,Calendar!K:K),"") | AJ30: =IF(AND(K30<>"Match of the Day",K30<>"Match of the Day 2",K30<>"Match of the Day Repeat"),"",1+MAX($AJ$10:AJ29))
A31: OVN | B31: Carabao Cup | C31: Bromley | D31: Ipswich Town | E31: Live | F31: 0.83333333 | H31: 45881 | I31: 2025/26 | J31: Tue | K31: Whistle-to-Whistle | L31: Sky Sports Football | M31: Sky Sports | N31: 0.83333333 | O31: 0.91944444 | P31: 0.086111111 | Q31: 31.5 | R31: 0.051 | S31: 0.316 | T31: 73.2 | U31: 4.3 | V31: 0.059 | W31: 2.57 | X31: 16.5 | Y31: 30.5 | Z31: 0.058 | AA31: 0.313 | AB31: 69.4 | AH31: =IF(AND(B31="Premier League",E31="Live"),_xlfn.XLOOKUP(_xlfn.TEXTJOIN(" vs ",,C31:D31),Calendar!G:G,Calendar!B:B),IF(AND(B31="Premier League",E31="Highlights"),_xlfn.XLOOKUP(H31,Calendar!O:O,Calendar!N:N,,-1),"")) | AI31: =IF(AND(AH31<>"",E31="Live"),_xlfn.XLOOKUP(_xlfn.TEXTJOIN(" vs ",,C31:D31),Calendar!G:G,Calendar!K:K),"") | AJ31: =IF(AND(K31<>"Match of the Day",K31<>"Match of the Day 2",K31<>"Match of the Day Repeat"),"",1+MAX($AJ$10:AJ30))
A32: OVN | B32: Carabao Cup | C32: Huddersfield Town | D32: Leicester City | E32: Live | F32: 0.82291667 | H32: 45882 | I32: 2025/26 | J32: Wed | K32: Whistle-to-Whistle | L32: Sky Sports + | M32: Sky Sports | N32: 0.82291667 | O32: 0.91041667 | P32: 0.0875 | Q32: 95.8 | R32: 0.155 | S32: 0.904 | T32: 143.6 | U32: 4.2 | V32: 0.058 | W32: 1.513 | X32: 11.7 | Y32: 88.1 | Z32: 0.167 | AA32: 0.85 | AB32: 129.6 | AH32: =IF(AND(B32="Premier League",E32="Live"),_xlfn.XLOOKUP(_xlfn.TEXTJOIN(" vs ",,C32:D32),Calendar!G:G,Calendar!B:B),IF(AND(B32="Premier League",E32="Highlights"),_xlfn.XLOOKUP(H32,Calendar!O:O,Calendar!N:N,,-1),"")) | AI32: =IF(AND(AH32<>"",E32="Live"),_xlfn.XLOOKUP(_xlfn.TEXTJOIN(" vs ",,C32:D32),Calendar!G:G,Calendar!K:K),"") | AJ32: =IF(AND(K32<>"Match of the Day",K32<>"Match of the Day 2",K32<>"Match of the Day Repeat"),"",1+MAX($AJ$10:AJ31))
A33: OVN | B33: Carabao Cup | C33: Birmingham City | D33: Sheffield United | E33: Live | F33: 0.83333333 | H33: 45882 | I33: 2025/26 | J33: Wed | K33: Whistle-to-Whistle | L33: ITV 4 | M33: ITV | N33: 0.83333333 | O33: 0.91319444 | P33: 0.079861111 | Q33: 373.1 | R33: 0.604 | S33: 3.521 | T33: 481.3 | U33: 8 | V33: 0.11 | W33: 2.828 | X33: 40 | Y33: 362.3 | Z33: 0.687 | AA33: 3.496 | AB33: 472.7 | AH33: =IF(AND(B33="Premier League",E33="Live"),_xlfn.XLOOKUP(_xlfn.TEXTJOIN(" vs ",,C33:D33),Calendar!G:G,Calendar!B:B),IF(AND(B33="Premier League",E33="Highlights"),_xlfn.XLOOKUP(H33,Calendar!O:O,Calendar!N:N,,-1),"")) | AI33: =IF(AND(AH33<>"",E33="Live"),_xlfn.XLOOKUP(_xlfn.TEXTJOIN(" vs ",,C33:D33),Calendar!G:G,Calendar!K:K),"") | AJ33: =IF(AND(K33<>"Match of the Day",K33<>"Match of the Day 2",K33<>"Match of the Day Repeat"),"",1+MAX($AJ$10:AJ32))
A34: OVN | B34: UEFA Super Cup | C34: PSG | D34: Tottenham Hotspur | E34: Live | F34: 0.83333333 | H34: 45882 | I34: 2025/26 | J34: Wed | K34: Whistle-to-Whistle | L34: TNT Sports 1 | M34: TNT Sports | N34: 0.83472222 | O34: 0.92361111 | P34: 0.088888889 | Q34: 786.3 | R34: 1.273 | S34: 7.512 | T34: 1060.3 | U34: 133.5 | V34: 1.837 | W34: 47.24 | X34: 176.2 | Y34: 754.1 | Z34: 1.431 | AA34: 7.366 | AB34: 1021.3 | AH34: =IF(AND(B34="Premier League",E34="Live"),_xlfn.XLOOKUP(_xlfn.TEXTJOIN(" vs ",,C34:D34),Calendar!G:G,Calendar!B:B),IF(AND(B34="Premier League",E34="Highlights"),_xlfn.XLOOKUP(H34,Calendar!O:O,Calendar!N:N,,-1),"")) | AI34: =IF(AND(AH34<>"",E34="Live"),_xlfn.XLOOKUP(_xlfn.TEXTJOIN(" vs ",,C34:D34),Calendar!G:G,Calendar!K:K),"") | AJ34: =IF(AND(K34<>"Match of the Day",K34<>"Match of the Day 2",K34<>"Match of the Day Repeat"),"",1+MAX($AJ$10:AJ33))
A35: OVN | B35: Carabao Cup | E35: Highlights | F35: 0.8125 | G35: - | H35: 45882 | I35: 2025/26 | J35: Wed | K35: Carabao Cup Highlights | L35: ITV 4 | M35: ITV | N35: 0.375 | O35: 0.43748843 | P35: 0.0625 | Q35: 60.4 | R35: 0.098 | S35: 1.625 | T35: 102.9 | U35: 2.2 | V35: 0.03 | W35: 2.138 | X35: 16.5 | Y35: 58.8 | Z35: 0.112 | AA35: 1.652 | AB35: 99.3 | AH35: =IF(AND(B35="Premier League",E35="Live"),_xlfn.XLOOKUP(_xlfn.TEXTJOIN(" vs ",,C35:D35),Calendar!G:G,Calendar!B:B),IF(AND(B35="Premier League",E35="Highlights"),_xlfn.XLOOKUP(H35,Calendar!O:O,Calendar!N:N,,-1),"")) | AI35: =IF(AND(AH35<>"",E35="Live"),_xlfn.XLOOKUP(_xlfn.TEXTJOIN(" vs ",,C35:D35),Calendar!G:G,Calendar!K:K),"") | AJ35: =IF(AND(K35<>"Match of the Day",K35<>"Match of the Day 2",K35<>"Match of the Day Repeat"),"",1+MAX($AJ$10:AJ34))
A36: OVN | B36: UEFA Europa Conference League | C36: Hibernian | D36: Partizan Belgrade | E36: Live | F36: 0.83333333 | H36: 45883 | I36: 2025/26 | J36: Thu | K36: Whistle-to-Whistle | L36: BBC Scotland | M36: BBC | N36: 0.83472222 | O36: 0.94236111 | P36: 0.10763889 | Q36: 230.7 | R36: 0.374 | S36: 2.4443 | T36: 318.9 | U36: 8.6 | V36: 0.118 | W36: 5.0618 | X36: 39.4 | Y36: 224.1 | Z36: 0.425 | AA36: 2.4268 | AB36: 312.1 | AH36: =IF(AND(B36="Premier League",E36="Live"),_xlfn.XLOOKUP(_xlfn.TEXTJOIN(" vs ",,C36:D36),Calendar!G:G,Calendar!B:B),IF(AND(B36="Premier League",E36="Highlights"),_xlfn.XLOOKUP(H36,Calendar!O:O,Calendar!N:N,,-1),"")) | AI36: =IF(AND(AH36<>"",E36="Live"),_xlfn.XLOOKUP(_xlfn.TEXTJOIN(" vs ",,C36:D36),Calendar!G:G,Calendar!K:K),"") | AJ36: =IF(AND(K36<>"Match of the Day",K36<>"Match of the Day 2",K36<>"Match of the Day Repeat"),"",1+MAX($AJ$10:AJ35))
A37: OVN | B37: Scottish League Cup | C37: Celtic | D37: Falkirk | E37: Live | F37: 0.82291667 | H37: 45884 | I37: 2025/26 | J37: Fri | K37: Whistle-to-Whistle | L37: Premier Sports 1 | M37: Premier Sports | N37: 0.82361111 | O37: 0.90138889 | P37: 0.077777778 | Q37: 42.6 | R37: 0.069 | S37: 0.4018 | T37: 73.2 | U37: 0.4 | V37: 0.006 | W37: 0.0847 | X37: 5.3 | Y37: 41.4 | Z37: 0.079 | AA37: 0.4021 | AB37: 70.9 | AH37: =IF(AND(B37="Premier League",E37="Live"),_xlfn.XLOOKUP(_xlfn.TEXTJOIN(" vs ",,C37:D37),Calendar!G:G,Calendar!B:B),IF(AND(B37="Premier League",E37="Highlights"),_xlfn.XLOOKUP(H37,Calendar!O:O,Calendar!N:N,,-1),"")) | AI37: =IF(AND(AH37<>"",E37="Live"),_xlfn.XLOOKUP(_xlfn.TEXTJOIN(" vs ",,C37:D37),Calendar!G:G,Calendar!K:K),"") | AJ37: =IF(AND(K37<>"Match of the Day",K37<>"Match of the Day 2",K37<>"Match of the Day Repeat"),"",1+MAX($AJ$10:AJ36))
A38: OVN | B38: Premier League | C38: Liverpool | D38: AFC Bournemouth | E38: Live | F38: 0.83333333 | H38: 45884 | I38: 2025/26 | J38: Fri | K38: Whistle-to-Whistle | L38: Sky Sports Main Event | M38: Sky Sports | N38: 0.83402778 | O38: 0.91388889 | P38: 0.079861111 | Q38: 2022.8 | R38: 3.2 | S38: 19.1 | T38: 2425.8 | U38: 336.1 | V38: 4.7 | W38: 68.7 | X38: 424.7 | Y38: 1873.8 | Z38: 3.5 | AA38: 18.2 | AB38: 2229.7 | AH38: =IF(AND(B38="Premier League",E38="Live"),_xlfn.XLOOKUP(_xlfn.TEXTJOIN(" vs ",,C38:D38),Calendar!G:G,Calendar!B:B),IF(AND(B38="Premier League",E38="Highlights"),_xlfn.XLOOKUP(H38,Calendar!O:O,Calendar!N:N,,-1),"")) -> #N/A | AI38: =IF(AND(AH38<>"",E38="Live"),_xlfn.XLOOKUP(_xlfn.TEXTJOIN(" vs ",,C38:D38),Calendar!G:G,Calendar!K:K),"") -> #N/A | AJ38: =IF(AND(K38<>"Match of the Day",K38<>"Match of the Day 2",K38<>"Match of the Day Repeat"),"",1+MAX($AJ$10:AJ37))
A39: OVN | B39: Sky Bet Championship | C39: Derby County | D39: Coventry City | E39: Live | F39: 0.52083333 | H39: 45885 | I39: 2025/26 | J39: Sat | K39: Whistle-to-Whistle | L39: Sky Sports+ | M39: Sky Sports | N39: 0.52083333 | O39: 0.60625 | P39: 0.085416667 | Q39: 103 | R39: 0.167 | S39: 1.8697 | T39: 224.2 | U39: 11.2 | V39: 0.154 | W39: 3.8382 | X39: 36.9 | Y39: 79.2 | Z39: 0.15 | AA39: 1.5003 | AB39: 190.1 | AH39: =IF(AND(B39="Premier League",E39="Live"),_xlfn.XLOOKUP(_xlfn.TEXTJOIN(" vs ",,C39:D39),Calendar!G:G,Calendar!B:B),IF(AND(B39="Premier League",E39="Highlights"),_xlfn.XLOOKUP(H39,Calendar!O:O,Calendar!N:N,,-1),"")) | AI39: =IF(AND(AH39<>"",E39="Live"),_xlfn.XLOOKUP(_xlfn.TEXTJOIN(" vs ",,C39:D39),Calendar!G:G,Calendar!K:K),"") | AJ39: =IF(AND(K39<>"Match of the Day",K39<>"Match of the Day 2",K39<>"Match of the Day Repeat"),"",1+MAX($AJ$10:AJ38))
A40: OVN | B40: Sky Bet Championship | C40: Wrexham | D40: West Brom | E40: Live | F40: 0.52083333 | H40: 45885 | I40: 2025/26 | J40: Sat | K40: Whistle-to-Whistle | L40: ITV1 | M40: ITV | N40: 0.52083333 | O40: 0.6 | P40: 0.079166667 | Q40: 564.2 | R40: 0.9 | S40: 10.2 | T40: 695.3 | U40: 18.6 | V40: 0.3 | W40: 6.3 | X40: 30.3 | Y40: 531.3 | Z40: 1 | AA40: 10 | AB40: 650.1 | AH40: =IF(AND(B40="Premier League",E40="Live"),_xlfn.XLOOKUP(_xlfn.TEXTJOIN(" vs ",,C40:D40),Calendar!G:G,Calendar!B:B),IF(AND(B40="Premier League",E40="Highlights"),_xlfn.XLOOKUP(H40,Calendar!O:O,Calendar!N:N,,-1),"")) | AI40: =IF(AND(AH40<>"",E40="Live"),_xlfn.XLOOKUP(_xlfn.TEXTJOIN(" vs ",,C40:D40),Calendar!G:G,Calendar!K:K),"") | AJ40: =IF(AND(K40<>"Match of the Day",K40<>"Match of the Day 2",K40<>"Match of the Day Repeat"),"",1+MAX($AJ$10:AJ39))
A41: OVN | B41: Sky Bet Championship | C41: Wrexham | D41: West Brom | E41: Live | F41: 0.52083333 | H41: 45885 | I41: 2025/26 | J41: Sat | K41: Whistle-to-Whistle | L41: Sky Sports Main Event | M41: Sky Sports | N41: 0.52083333 | O41: 0.6 | P41: 0.079166667 | Q41: 185 | R41: 0.3 | S41: 3.4 | T41: 248.7 | U41: 13.9 | V41: 0.2 | W41: 4.8 | X41: 32.8 | Y41: 178.5 | Z41: 0.3 | AA41: 3.4 | AB41: 235.3 | AH41: =IF(AND(B41="Premier League",E41="Live"),_xlfn.XLOOKUP(_xlfn.TEXTJOIN(" vs ",,C41:D41),Calendar!G:G,Calendar!B:B),IF(AND(B41="Premier League",E41="Highlights"),_xlfn.XLOOKUP(H41,Calendar!O:O,Calendar!N:N,,-1),"")) | AI41: =IF(AND(AH41<>"",E41="Live"),_xlfn.XLOOKUP(_xlfn.TEXTJOIN(" vs ",,C41:D41),Calendar!G:G,Calendar!K:K),"") | AJ41: =IF(AND(K41<>"Match of the Day",K41<>"Match of the Day 2",K41<>"Match of the Day Repeat"),"",1+MAX($AJ$10:AJ40))
A42: OVN | B42: Premier League | C42: Aston Villa | D42: Newcastle United | E42: Live | F42: 0.52083333 | H42: 45885 | I42: 2025/26 | J42: Sat | K42: Whistle-to-Whistle | L42: TNT Sports 1 | M42: TNT Sports | N42: 0.52222222 | O42: 0.59930556 | P42: 0.077083333 | Q42: 928.3 | R42: 1.5 | S42: 16.8 | T42: 1040 | U42: 171.6 | V42: 2.4 | W42: 58.3 | X42: 215.4 | Y42: 868.2 | Z42: 1.6 | AA42: 16.4 | AB42: 981.6 | AH42: =IF(AND(B42="Premier League",E42="Live"),_xlfn.XLOOKUP(_xlfn.TEXTJOIN(" vs ",,C42:D42),Calendar!G:G,Calendar!B:B),IF(AND(B42="Premier League",E42="Highlights"),_xlfn.XLOOKUP(H42,Calendar!O:O,Calendar!N:N,,-1),"")) -> #N/A | AI42: =IF(AND(AH42<>"",E42="Live"),_xlfn.XLOOKUP(_xlfn.TEXTJOIN(" vs ",,C42:D42),Calendar!G:G,Calendar!K:K),"") -> #N/A | AJ42: =IF(AND(K42<>"Match of the Day",K42<>"Match of the Day 2",K42<>"Match of the Day Repeat"),"",1+MAX($AJ$10:AJ41))
A43: OVN | B43: Premier League | C43: Wolverhampton Wanderers | D43: Manchester City | E43: Live | F43: 0.72916667 | H43: 45885 | I43: 2025/26 | J43: Sat | K43: Whistle-to-Whistle | L43: Sky Sports Main Event | M43: Sky Sports | N43: 0.72916667 | O43: 0.8125 | P43: 0.083333333 | Q43: 1163.7 | R43: 1.9 | S43: 13.5 | T43: 1405.9 | U43: 188.9 | V43: 2.6 | W43: 55.4 | X43: 289.7 | Y43: 1114.5 | Z43: 2.1 | AA43: 13.4 | AB43: 1338.4 | AH43: =IF(AND(B43="Premier League",E43="Live"),_xlfn.XLOOKUP(_xlfn.TEXTJOIN(" vs ",,C43:D43),Calendar!G:G,Calendar!B:B),IF(AND(B43="Premier League",E43="Highlights"),_xlfn.XLOOKUP(H43,Calendar!O:O,Calendar!N:N,,-1),"")) -> #N/A | AI43: =IF(AND(AH43<>"",E43="Live"),_xlfn.XLOOKUP(_xlfn.TEXTJOIN(" vs ",,C43:D43),Calendar!G:G,Calendar!K:K),"") -> #N/A | AJ43: =IF(AND(K43<>"Match of the Day",K43<>"Match of the Day 2",K43<>"Match of the Day Repeat"),"",1+MAX($AJ$10:AJ42))
A44: OVN | B44: Scottish League Cup | C44: Rangers | D44: Alloa Athletic | E44: Live | F44: 0.73958333 | H44: 45885 | I44: 2025/26 | J44: Sat | K44: Whistle-to-Whistle | L44: Premier Sports 1 | M44: Premier Sports | N44: 0.74027778 | O44: 0.81666667 | P44: 0.076388889 | Q44: 46 | R44: 0.074 | S44: 0.5249 | T44: 65.3 | U44: 0 | V44: 0 | W44: 0 | X44: - | Y44: 44.7 | Z44: 0.085 | AA44: 0.5256 | AB44: 61.2 | AH44: =IF(AND(B44="Premier League",E44="Live"),_xlfn.XLOOKUP(_xlfn.TEXTJOIN(" vs ",,C44:D44),Calendar!G:G,Calendar!B:B),IF(AND(B44="Premier League",E44="Highlights"),_xlfn.XLOOKUP(H44,Calendar!O:O,Calendar!N:N,,-1),"")) | AI44: =IF(AND(AH44<>"",E44="Live"),_xlfn.XLOOKUP(_xlfn.TEXTJOIN(" vs ",,C44:D44),Calendar!G:G,Calendar!K:K),"") | AJ44: =IF(AND(K44<>"Match of the Day",K44<>"Match of the Day 2",K44<>"Match of the Day Repeat"),"",1+MAX($AJ$10:AJ43))
A45: OVN | B45: Premier League | C45: Tottenham Hotspur | D45: Burnley | E45: Near Live | F45: 0.85416667 | H45: 45885 | I45: 2024/25 | J45: Sat | K45: Whistle-to-Whistle | L45: Sky Sports Premier League | M45: Sky Sports | N45: 0.86111111 | O45: 0.93402778 | P45: 0.072916667 | Q45: 58.7 | R45: 0.1 | S45: 0.7 | T45: 101.5 | U45: 0 | V45: 0 | W45: 0 | X45: - | Y45: 58.6 | Z45: 0.1 | AA45: 0.7 | AB45: 101.5 | AH45: =IF(AND(B45="Premier League",E45="Live"),_xlfn.XLOOKUP(_xlfn.TEXTJOIN(" vs ",,C45:D45),Calendar!G:G,Calendar!B:B),IF(AND(B45="Premier League",E45="Highlights"),_xlfn.XLOOKUP(H45,Calendar!O:O,Calendar!N:N,,-1),"")) | AI45: =IF(AND(AH45<>"",E45="Live"),_xlfn.XLOOKUP(_xlfn.TEXTJOIN(" vs ",,C45:D45),Calendar!G:G,Calendar!K:K),"") | AJ45: =IF(AND(K45<>"Match of the Day",K45<>"Match of the Day 2",K45<>"Match of the Day Repeat"),"",1+MAX($AJ$10:AJ44))
A46: OVN | B46: Premier League | E46: Highlights | F46: 0.9375 | H46: 45885 | I46: 2025/26 | J46: Sat | K46: Match Of The Day | L46: BBC 1 | M46: BBC | N46: 0.93055556 | O46: 0.98611111 | P46: 0.055555556 | Q46: 1747 | R46: 2.8 | S46: 28.7 | T46: 2188.8 | U46: 60.3 | V46: 0.8 | W46: 35 | X46: 99.4 | Y46: 1701.3 | Z46: 3.2 | AA46: 28.4 | AB46: 2105.1 | AH46: =IF(AND(B46="Premier League",E46="Live"),_xlfn.XLOOKUP(_xlfn.TEXTJOIN(" vs ",,C46:D46),Calendar!G:G,Calendar!B:B),IF(AND(B46="Premier League",E46="Highlights"),_xlfn.XLOOKUP(H46,Calendar!O:O,Calendar!N:N,,-1),"")) -> Matchweek 01 | AI46: =IF(AND(AH46<>"",E46="Live"),_xlfn.XLOOKUP(_xlfn.TEXTJOIN(" vs ",,C46:D46),Calendar!G:G,Calendar!K:K),"") | AJ46: =IF(AND(K46<>"Match of the Day",K46<>"Match of the Day 2",K46<>"Match of the Day Repeat"),"",1+MAX($AJ$10:AJ45)) -> 1
A47: OVN | B47: Sky Bet Championship | C47: Ipswich Town | D47: Southampton | E47: Live | F47: 0.5 | H47: 45886 | I47: 2025/26 | J47: Sun | K47: Whistle-to-Whistle | L47: Sky Sports Main Event | M47: Sky Sports | N47: 0.50069444 | O47: 0.53402778 | P47: 0.033333333 | Q47: 311.95702 | R47: 0.5 | S47: 6.7088272 | T47: 493.4 | U47: 35.412281 | V47: 0.47631579 | W47: 32.412172 | X47: 98.4 | Y47: 290.41228 | Z47: 0.54736842 | AA47: 6.397964 | AB47: 453.7 | AH47: =IF(AND(B47="Premier League",E47="Live"),_xlfn.XLOOKUP(_xlfn.TEXTJOIN(" vs ",,C47:D47),Calendar!G:G,Calendar!B:B),IF(AND(B47="Premier League",E47="Highlights"),_xlfn.XLOOKUP(H47,Calendar!O:O,Calendar!N:N,,-1),"")) | AI47: =IF(AND(AH47<>"",E47="Live"),_xlfn.XLOOKUP(_xlfn.TEXTJOIN(" vs ",,C47:D47),Calendar!G:G,Calendar!K:K),"") | AJ47: =IF(AND(K47<>"Match of the Day",K47<>"Match of the Day 2",K47<>"Match of the Day Repeat"),"",1+MAX($AJ$10:AJ46))
A48: OVN | B48: Premier League | C48: Chelsea | D48: Crystal Palace | E48: Live | F48: 0.58333333 | H48: 45886 | I48: 2025/26 | J48: Sun | K48: Whistle-to-Whistle | L48: Sky Sports Main Event | M48: Sky Sports | N48: 0.58402778 | O48: 0.66527778 | P48: 0.08125 | Q48: 1255.5 | R48: 2 | S48: 22.3 | T48: 1710.9 | U48: 220.1 | V48: 3 | W48: 68 | X48: 302 | Y48: 1204.2 | Z48: 2.3 | AA48: 22.1 | AB48: 1645.4 | AH48: =IF(AND(B48="Premier League",E48="Live"),_xlfn.XLOOKUP(_xlfn.TEXTJOIN(" vs ",,C48:D48),Calendar!G:G,Calendar!B:B),IF(AND(B48="Premier League",E48="Highlights"),_xlfn.XLOOKUP(H48,Calendar!O:O,Calendar!N:N,,-1),"")) -> #N/A | AI48: =IF(AND(AH48<>"",E48="Live"),_xlfn.XLOOKUP(_xlfn.TEXTJOIN(" vs ",,C48:D48),Calendar!G:G,Calendar!K:K),"") -> #N/A | AJ48: =IF(AND(K48<>"Match of the Day",K48<>"Match of the Day 2",K48<>"Match of the Day Repeat"),"",1+MAX($AJ$10:AJ47))
A49: OVN | B49: Premier League | C49: Nottingham Forest | D49: Brentford | E49: Live | F49: 0.58333333 | H49: 45886 | I49: 2025/26 | J49: Sun | K49: Whistle-to-Whistle | L49: Sky Sports Premier League | M49: Sky Sports | N49: 0.58333333 | O49: 0.66388889 | P49: 0.080555556 | Q49: 290.7 | R49: 0.5 | S49: 5.2 | T49: 372.1 | U49: 45.2 | V49: 0.6 | W49: 14.1 | X49: 67.5 | Y49: 262.5 | Z49: 0.5 | AA49: 4.8 | AB49: 341.3 | AH49: =IF(AND(B49="Premier League",E49="Live"),_xlfn.XLOOKUP(_xlfn.TEXTJOIN(" vs ",,C49:D49),Calendar!G:G,Calendar!B:B),IF(AND(B49="Premier League",E49="Highlights"),_xlfn.XLOOKUP(H49,Calendar!O:O,Calendar!N:N,,-1),"")) -> #N/A | AI49: =IF(AND(AH49<>"",E49="Live"),_xlfn.XLOOKUP(_xlfn.TEXTJOIN(" vs ",,C49:D49),Calendar!G:G,Calendar!K:K),"") -> #N/A | AJ49: =IF(AND(K49<>"Match of the Day",K49<>"Match of the Day 2",K49<>"Match of the Day Repeat"),"",1+MAX($AJ$10:AJ48))
A50: OVN | B50: Premier League | C50: Manchester United | D50: Arsenal | E50: Live | F50: 0.6875 | H50: 45886 | I50: 2025/26 | J50: Sun | K50: Whistle-to-Whistle | L50: Sky Sports Main Event | M50: Sky Sports | N50: 0.68819444 | O50: 0.76597222 | P50: 0.077777778 | Q50: 2868.9 | R50: 4.6 | S50: 33.6 | T50: 3289.4 | U50: 407.4 | V50: 5.6 | W50: 85.9 | X50: 479.9 | Y50: 2755.7 | Z50: 5.2 | AA50: 33.3 | AB50: 3172.8 | AH50: =IF(AND(B50="Premier League",E50="Live"),_xlfn.XLOOKUP(_xlfn.TEXTJOIN(" vs ",,C50:D50),Calendar!G:G,Calendar!B:B),IF(AND(B50="Premier League",E50="Highlights"),_xlfn.XLOOKUP(H50,Calendar!O:O,Calendar!N:N,,-1),"")) -> #N/A | AI50: =IF(AND(AH50<>"",E50="Live"),_xlfn.XLOOKUP(_xlfn.TEXTJOIN(" vs ",,C50:D50),Calendar!G:G,Calendar!K:K),"") -> #N/A | AJ50: =IF(AND(K50<>"Match of the Day",K50<>"Match of the Day 2",K50<>"Match of the Day Repeat"),"",1+MAX($AJ$10:AJ49))
A51: OVN | B51: Premier League | E51: Highlights | F51: 0.36111111 | H51: 45886 | I51: 2025/26 | J51: Sun | K51: Match Of The Day Repeat | L51: BBC 1 | M51: BBC | N51: 0.36111111 | O51: 0.41666667 | P51: 0.055555556 | Q51: 838.7 | R51: 1.4 | S51: 22.4 | T51: 1160.7 | U51: 34 | V51: 0.5 | W51: 36.1 | X51: 58.5 | Y51: 816.8 | Z51: 1.5 | AA51: 22.6 | AB51: 1143.9 | AH51: =IF(AND(B51="Premier League",E51="Live"),_xlfn.XLOOKUP(_xlfn.TEXTJOIN(" vs ",,C51:D51),Calendar!G:G,Calendar!B:B),IF(AND(B51="Premier League",E51="Highlights"),_xlfn.XLOOKUP(H51,Calendar!O:O,Calendar!N:N,,-1),"")) -> Matchweek 01 | AI51: =IF(AND(AH51<>"",E51="Live"),_xlfn.XLOOKUP(_xlfn.TEXTJOIN(" vs ",,C51:D51),Calendar!G:G,Calendar!K:K),"") | AJ51: =IF(AND(K51<>"Match of the Day",K51<>"Match of the Day 2",K51<>"Match of the Day Repeat"),"",1+MAX($AJ$10:AJ50)) -> 2
A52: OVN | B52: Premier League | E52: Highlights | F52: 0.9375 | H52: 45886 | I52: 2025/26 | J52: Sun | K52: Match Of The Day 2 | L52: BBC 1 | M52: BBC | N52: 0.9375 | O52: 0.97916667 | P52: 0.041666667 | Q52: 1320.9 | R52: 2.1 | S52: 23.8 | T52: 2256 | U52: 22.5 | V52: 0.3 | W52: 17.3 | X52: 59.9 | Y52: 1279.8 | Z52: 2.4 | AA52: 23.4 | AB52: 2218 | AH52: =IF(AND(B52="Premier League",E52="Live"),_xlfn.XLOOKUP(_xlfn.TEXTJOIN(" vs ",,C52:D52),Calendar!G:G,Calendar!B:B),IF(AND(B52="Premier League",E52="Highlights"),_xlfn.XLOOKUP(H52,Calendar!O:O,Calendar!N:N,,-1),"")) -> Matchweek 01 | AI52: =IF(AND(AH52<>"",E52="Live"),_xlfn.XLOOKUP(_xlfn.TEXTJOIN(" vs ",,C52:D52),Calendar!G:G,Calendar!K:K),"") | AJ52: =IF(AND(K52<>"Match of the Day",K52<>"Match of the Day 2",K52<>"Match of the Day Repeat"),"",1+MAX($AJ$10:AJ51)) -> 3
A53: OVN | B53: Premier League | C53: Leeds United | D53: Everton | E53: Live | F53: 0.83333333 | H53: 45887 | I53: 2025/26 | J53: Mon | K53: Whistle-to-Whistle | L53: Sky Sports Main Event | M53: Sky Sports | N53: 0.83472222 | O53: 0.91458333 | P53: =O53-N53 -> 0.079861111 | Q53: 1703.2 | R53: 2.8 | S53: 14.8 | T53: 1956.3 | U53: 239.5 | V53: 3.3 | W53: 64 | X53: 291 | Y53: 1646.4 | Z53: 3.1 | AA53: 14.6 | AB53: 1888.1 | AH53: =IF(AND(B53="Premier League",E53="Live"),_xlfn.XLOOKUP(_xlfn.TEXTJOIN(" vs ",,C53:D53),Calendar!G:G,Calendar!B:B),IF(AND(B53="Premier League",E53="Highlights"),_xlfn.XLOOKUP(H53,Calendar!O:O,Calendar!N:N,,-1),"")) -> #N/A | AI53: =IF(AND(AH53<>"",E53="Live"),_xlfn.XLOOKUP(_xlfn.TEXTJOIN(" vs ",,C53:D53),Calendar!G:G,Calendar!K:K),"") -> #N/A | AJ53: =IF(AND(K53<>"Match of the Day",K53<>"Match of the Day 2",K53<>"Match of the Day Repeat"),"",1+MAX($AJ$10:AJ52))
A54: OVN | B54: Premier League | E54: Highlights | F54: 0.33333333 | H54: 45887 | I54: 2025/26 | J54: Mon | K54: Match Of The Day 2 Repeat | L54: BBC 2 | M54: BBC | N54: 0.33333333 | O54: 0.375 | P54: =O54-N54 -> 0.041666667 | Q54: 94.2 | R54: 0.2 | S54: 2.6 | T54: 137.8 | U54: 6.5 | V54: 0.1 | W54: 8.5 | X54: 12.8 | Y54: 87.8 | Z54: 0.2 | AA54: 2.6 | AB54: 126.1 | AH54: =IF(AND(B54="Premier League",E54="Live"),_xlfn.XLOOKUP(_xlfn.TEXTJOIN(" vs ",,C54:D54),Calendar!G:G,Calendar!B:B),IF(AND(B54="Premier League",E54="Highlights"),_xlfn.XLOOKUP(H54,Calendar!O:O,Calendar!N:N,,-1),"")) -> Matchweek 01 | AI54: =IF(AND(AH54<>"",E54="Live"),_xlfn.XLOOKUP(_xlfn.TEXTJOIN(" vs ",,C54:D54),Calendar!G:G,Calendar!K:K),"") | AJ54: =IF(AND(K54<>"Match of the Day",K54<>"Match of the Day 2",K54<>"Match of the Day Repeat"),"",1+MAX($AJ$10:AJ53))
A55: OVN | B55: Sky Bet League One | C55: AFC Wimbledon | D55: Cardiff City | E55: Live | F55: 0.82291667 | H55: 45888 | I55: 2025/26 | J55: Tue | K55: Whistle-to-Whistle | L55: Sky Sports+ | M55: Sky Sports | N55: 0.82361111 | O55: 0.90486111 | P55: 0.08125 | Q55: 36.3 | R55: 0.1 | S55: 0.3624 | T55: 63.7 | U55: 0.5 | V55: 0 | W55: 0.3143 | X55: 5.6 | Y55: 34.1 | Z55: 0.1 | AA55: 0.3499 | AB55: 59.9 | AH55: =IF(AND(B55="Premier League",E55="Live"),_xlfn.XLOOKUP(_xlfn.TEXTJOIN(" vs ",,C55:D55),Calendar!G:G,Calendar!B:B),IF(AND(B55="Premier League",E55="Highlights"),_xlfn.XLOOKUP(H55,Calendar!O:O,Calendar!N:N,,-1),"")) | AI55: =IF(AND(AH55<>"",E55="Live"),_xlfn.XLOOKUP(_xlfn.TEXTJOIN(" vs ",,C55:D55),Calendar!G:G,Calendar!K:K),"") | AJ55: =IF(AND(K55<>"Match of the Day",K55<>"Match of the Day 2",K55<>"Match of the Day Repeat"),"",1+MAX($AJ$10:AJ54))
A56: OVN | B56: Sky Bet League Two | C56: Walsall | D56: Grimsby Town | E56: Live | F56: 0.83333333 | H56: 45888 | I56: 2025/26 | J56: Tue | K56: Whistle-to-Whistle | L56: Sky Sports Football | M56: Sky Sports | N56: 0.83333333 | O56: 0.91805556 | P56: 0.084722222 | Q56: 34.3 | R56: 0.1 | S56: 0.3444 | T56: 60.4 | U56: 1.4 | V56: 0 | W56: 0.9211 | X56: 8.3 | Y56: 34.2 | Z56: 0.1 | AA56: 0.3526 | AB56: 60.4 | AH56: =IF(AND(B56="Premier League",E56="Live"),_xlfn.XLOOKUP(_xlfn.TEXTJOIN(" vs ",,C56:D56),Calendar!G:G,Calendar!B:B),IF(AND(B56="Premier League",E56="Highlights"),_xlfn.XLOOKUP(H56,Calendar!O:O,Calendar!N:N,,-1),"")) | AI56: =IF(AND(AH56<>"",E56="Live"),_xlfn.XLOOKUP(_xlfn.TEXTJOIN(" vs ",,C56:D56),Calendar!G:G,Calendar!K:K),"") | AJ56: =IF(AND(K56<>"Match of the Day",K56<>"Match of the Day 2",K56<>"Match of the Day Repeat"),"",1+MAX($AJ$10:AJ55))
A57: OVN | B57: UEFA Champions League | C57: Ferencvárosi TC | D57: Qarabağ FK | E57: Live | F57: 0.83333333 | H57: 45888 | I57: 2025/26 | J57: Tue | K57: Whistle-to-Whistle | L57: TNT Sports 1 | M57: TNT Sports | N57: 0.83402778 | O57: 0.91319444 | P57: =O57-N57 -> 0.079166667 | Q57: 6.8 | R57: 0 | S57: 0.1 | T57: 20.5 | U57: 0.1 | V57: 0 | W57: 0.1 | X57: 4.7 | Y57: 6.8 | Z57: 0 | AA57: 0.1 | AB57: 20.5
A58: OVN | B58: UEFA Champions League | C58: FK Crvena zvezda | D58: Pafos FC | E58: Live | F58: 0.83333333 | H58: 45888 | I58: 2025/26 | J58: Tue | K58: Whistle-to-Whistle | L58: TNT Sports 2 | M58: TNT Sports | N58: 0.83472222 | O58: 0.91666667 | P58: =O58-N58 -> 0.081944444 | Q58: 4 | R58: 0 | S58: 0 | T58: 14 | U58: 0 | V58: 0 | W58: 0 | X58: - | Y58: 4 | Z58: 0 | AA58: 0 | AB58: 14
A59: OVN | B59: Sky Bet League One | C59: Bolton Wanderers | D59: Reading | E59: Live | F59: 0.83333333 | H59: 45889 | I59: 2025/26 | J59: Wed | K59: Whistle-to-Whistle | L59: Sky Sports Football | M59: Sky Sports | N59: 0.83333333 | O59: 0.91180556 | P59: 0.078472222 | Q59: 137.6 | R59: 0.2 | S59: 1.3 | T59: 200 | U59: 3.1 | V59: 0 | W59: 1.4 | X59: 28.2 | Y59: 136.8 | Z59: 0.3 | AA59: 1.3 | AB59: 200 | AH59: =IF(AND(B59="Premier League",E59="Live"),_xlfn.XLOOKUP(_xlfn.TEXTJOIN(" vs ",,C59:D59),Calendar!G:G,Calendar!B:B),IF(AND(B59="Premier League",E59="Highlights"),_xlfn.XLOOKUP(H59,Calendar!O:O,Calendar!N:N,,-1),"")) | AI59: =IF(AND(AH59<>"",E59="Live"),_xlfn.XLOOKUP(_xlfn.TEXTJOIN(" vs ",,C59:D59),Calendar!G:G,Calendar!K:K),"") | AJ59: =IF(AND(K59<>"Match of the Day",K59<>"Match of the Day 2",K59<>"Match of the Day Repeat"),"",1+MAX($AJ$10:AJ58))
A60: OVN | B60: UEFA Champions League | C60: FC Basel | D60: Kobenhavn | E60: Live | F60: 0.83333333 | H60: 45889 | I60: 2025/26 | J60: Wed | K60: Whistle-to-Whistle | L60: TNT Sports 3 | M60: TNT Sports | N60: 0.83402778 | O60: 0.9125 | P60: 0.078472222 | Q60: 4.6 | R60: 0 | S60: 0 | T60: 35.6 | U60: 0 | V60: 0 | W60: 0 | X60: 1.3 | Y60: 4.6 | Z60: 0 | AA60: 0 | AB60: 35.6 | AH60: =IF(AND(B60="Premier League",E60="Live"),_xlfn.XLOOKUP(_xlfn.TEXTJOIN(" vs ",,C60:D60),Calendar!G:G,Calendar!B:B),IF(AND(B60="Premier League",E60="Highlights"),_xlfn.XLOOKUP(H60,Calendar!O:O,Calendar!N:N,,-1),"")) | AI60: =IF(AND(AH60<>"",E60="Live"),_xlfn.XLOOKUP(_xlfn.TEXTJOIN(" vs ",,C60:D60),Calendar!G:G,Calendar!K:K),"") | AJ60: =IF(AND(K60<>"Match of the Day",K60<>"Match of the Day 2",K60<>"Match of the Day Repeat"),"",1+MAX($AJ$10:AJ59))
A61: OVN | B61: UEFA Champions League | C61: Celtic | D61: Kairat | E61: Live | F61: 0.83333333 | H61: 45889 | I61: 2025/26 | J61: Wed | K61: Whistle-to-Whistle | L61: TNT Sports 1 | M61: TNT Sports | N61: 0.83333333 | O61: 0.91597222 | P61: 0.082638889 | Q61: 264.3 | R61: 0.4 | S61: 2.5 | T61: 338.4 | U61: 15.4 | V61: 0.2 | W61: 7 | X61: 29.6 | Y61: 263.8 | Z61: 0.5 | AA61: 2.5 | AB61: 336.3 | AH61: =IF(AND(B61="Premier League",E61="Live"),_xlfn.XLOOKUP(_xlfn.TEXTJOIN(" vs ",,C61:D61),Calendar!G:G,Calendar!B:B),IF(AND(B61="Premier League",E61="Highlights"),_xlfn.XLOOKUP(H61,Calendar!O:O,Calendar!N:N,,-1),"")) | AI61: =IF(AND(AH61<>"",E61="Live"),_xlfn.XLOOKUP(_xlfn.TEXTJOIN(" vs ",,C61:D61),Calendar!G:G,Calendar!K:K),"") | AJ61: =IF(AND(K61<>"Match of the Day",K61<>"Match of the Day 2",K61<>"Match of the Day Repeat"),"",1+MAX($AJ$10:AJ60))
A62: OVN | B62: UEFA Champions League | C62: Fenerbahce | D62: Benfica | E62: Live | F62: 0.83333333 | H62: 45889 | I62: 2025/26 | J62: Wed | K62: Whistle-to-Whistle | L62: TNT Sports 2 | M62: TNT Sports | N62: 0.83333333 | O62: 0.91180556 | P62: 0.078472222 | Q62: 15.9 | R62: 0 | S62: 0.1 | T62: 39.1 | U62: 0 | V62: 0 | W62: 0 | X62: - | Y62: 15.6 | Z62: 0 | AA62: 0.1 | AB62: 37.1 | AH62: =IF(AND(B62="Premier League",E62="Live"),_xlfn.XLOOKUP(_xlfn.TEXTJOIN(" vs ",,C62:D62),Calendar!G:G,Calendar!B:B),IF(AND(B62="Premier League",E62="Highlights"),_xlfn.XLOOKUP(H62,Calendar!O:O,Calendar!N:N,,-1),"")) | AI62: =IF(AND(AH62<>"",E62="Live"),_xlfn.XLOOKUP(_xlfn.TEXTJOIN(" vs ",,C62:D62),Calendar!G:G,Calendar!K:K),"") | AJ62: =IF(AND(K62<>"Match of the Day",K62<>"Match of the Day 2",K62<>"Match of the Day Repeat"),"",1+MAX($AJ$10:AJ61))
A63: OVN | B63: UEFA Conference League | C63: Shelbourne | D63: Linfield | E63: Live | F63: 0.82291667 | H63: 45890 | I63: 2025/26 | J63: Thu | K63: Whistle-to-Whistle | L63: Premier Sports 1 | M63: Premier Sports | N63: 0.82361111 | O63: 0.90347222 | P63: 0.079861111 | Q63: 6 | R63: 0 | S63: 0.1 | T63: 25.3 | U63: 0 | V63: 0 | W63: 0 | X63: - | Y63: 6 | Z63: 0 | AA63: 0.1 | AB63: 20.9 | AH63: =IF(AND(B63="Premier League",E63="Live"),_xlfn.XLOOKUP(_xlfn.TEXTJOIN(" vs ",,C63:D63),Calendar!G:G,Calendar!B:B),IF(AND(B63="Premier League",E63="Highlights"),_xlfn.XLOOKUP(H63,Calendar!O:O,Calendar!N:N,,-1),"")) | AI63: =IF(AND(AH63<>"",E63="Live"),_xlfn.XLOOKUP(_xlfn.TEXTJOIN(" vs ",,C63:D63),Calendar!G:G,Calendar!K:K),"") | AJ63: =IF(AND(K63<>"Match of the Day",K63<>"Match of the Day 2",K63<>"Match of the Day Repeat"),"",1+MAX($AJ$10:AJ62))
A64: OVN | B64: UEFA Europa League | C64: Aberdeen | D64: FCSB | E64: Live | F64: 0.82291667 | H64: 45890 | I64: 2025/26 | J64: Thu | K64: Whistle-to-Whistle | L64: BBC Scotland | M64: BBC | N64: 0.82361111 | O64: 0.90625 | P64: 0.082638889 | Q64: 180.3 | R64: 0.3 | S64: 1.7 | T64: 275 | U64: 2.7 | V64: 0 | W64: 1.3 | X64: 9.2 | Y64: 168.2 | Z64: 0.3 | AA64: 1.7 | AB64: 249.8 | AH64: =IF(AND(B64="Premier League",E64="Live"),_xlfn.XLOOKUP(_xlfn.TEXTJOIN(" vs ",,C64:D64),Calendar!G:G,Calendar!B:B),IF(AND(B64="Premier League",E64="Highlights"),_xlfn.XLOOKUP(H64,Calendar!O:O,Calendar!N:N,,-1),"")) | AI64: =IF(AND(AH64<>"",E64="Live"),_xlfn.XLOOKUP(_xlfn.TEXTJOIN(" vs ",,C64:D64),Calendar!G:G,Calendar!K:K),"") | AJ64: =IF(AND(K64<>"Match of the Day",K64<>"Match of the Day 2",K64<>"Match of the Day Repeat"),"",1+MAX($AJ$10:AJ63))
A65: OVN | B65: UEFA Conference League | C65: Crystal Palace | D65: Fredrikstad | E65: Live | F65: 0.83333333 | H65: 45890 | I65: 2025/26 | J65: Thu | K65: Whistle-to-Whistle | L65: Channel 5 | M65: Channel | N65: 0.83333333 | O65: 0.90972222 | P65: 0.076388889 | Q65: 187.9 | R65: 0.3 | S65: 1.8 | T65: 275 | U65: 3 | V65: 0 | W65: 1.5 | X65: 9.2 | Y65: 174.4 | Z65: 0.3 | AA65: 1.8 | AB65: 249.8 | AH65: =IF(AND(B65="Premier League",E65="Live"),_xlfn.XLOOKUP(_xlfn.TEXTJOIN(" vs ",,C65:D65),Calendar!G:G,Calendar!B:B),IF(AND(B65="Premier League",E65="Highlights"),_xlfn.XLOOKUP(H65,Calendar!O:O,Calendar!N:N,,-1),"")) | AI65: =IF(AND(AH65<>"",E65="Live"),_xlfn.XLOOKUP(_xlfn.TEXTJOIN(" vs ",,C65:D65),Calendar!G:G,Calendar!K:K),"") | AJ65: =IF(AND(K65<>"Match of the Day",K65<>"Match of the Day 2",K65<>"Match of the Day Repeat"),"",1+MAX($AJ$10:AJ64))
A66: OVN | B66: Scottish Championship | C66: Raith Rovers | D66: Dunfermline | E66: Live | F66: 0.82291667 | H66: 45891 | I66: 2025/26 | J66: Fri | K66: Whistle-to-Whistle | L66: BBC Scotland | M66: BBC | N66: 0.82291667 | O66: 0.90069444 | P66: 0.077777778 | Q66: 84.8 | R66: 0.1 | S66: 0.7 | T66: 126.5 | U66: 0 | V66: 0 | W66: 0 | X66: - | Y66: 80.5 | Z66: 0.2 | AA66: 0.7 | AB66: 120.7 | AH66: =IF(AND(B66="Premier League",E66="Live"),_xlfn.XLOOKUP(_xlfn.TEXTJOIN(" vs ",,C66:D66),Calendar!G:G,Calendar!B:B),IF(AND(B66="Premier League",E66="Highlights"),_xlfn.XLOOKUP(H66,Calendar!O:O,Calendar!N:N,,-1),"")) | AI66: =IF(AND(AH66<>"",E66="Live"),_xlfn.XLOOKUP(_xlfn.TEXTJOIN(" vs ",,C66:D66),Calendar!G:G,Calendar!K:K),"") | AJ66: =IF(AND(K66<>"Match of the Day",K66<>"Match of the Day 2",K66<>"Match of the Day Repeat"),"",1+MAX($AJ$10:AJ65))
A67: OVN | B67: Sky Bet Championship | C67: Derby County | D67: Bristol City | E67: Live | F67: 0.83333333 | H67: 45891 | I67: 2025/26 | J67: Fri | K67: Whistle-to-Whistle | L67: Sky Sports Football | M67: Sky Sports | N67: 0.83333333 | O67: 0.91319444 | P67: 0.079861111 | Q67: 55.3 | R67: 0.1 | S67: 0.5 | T67: 125.6 | U67: 2.8 | V67: 0 | W67: 0.7 | X67: 11.1 | Y67: 49.1 | Z67: 0.1 | AA67: 0.5 | AB67: 125.6 | AH67: =IF(AND(B67="Premier League",E67="Live"),_xlfn.XLOOKUP(_xlfn.TEXTJOIN(" vs ",,C67:D67),Calendar!G:G,Calendar!B:B),IF(AND(B67="Premier League",E67="Highlights"),_xlfn.XLOOKUP(H67,Calendar!O:O,Calendar!N:N,,-1),"")) | AI67: =IF(AND(AH67<>"",E67="Live"),_xlfn.XLOOKUP(_xlfn.TEXTJOIN(" vs ",,C67:D67),Calendar!G:G,Calendar!K:K),"") | AJ67: =IF(AND(K67<>"Match of the Day",K67<>"Match of the Day 2",K67<>"Match of the Day Repeat"),"",1+MAX($AJ$10:AJ66))
A68: OVN | B68: Premier League | C68: West Ham United | D68: Chelsea | E68: Live | F68: 0.83333333 | H68: 45891 | I68: 2025/26 | J68: Fri | K68: Whistle-to-Whistle | L68: Sky Sports Main Event | M68: Sky Sports | N68: 0.83333333 | O68: 0.91388889 | P68: 0.080555556 | Q68: 1410.5 | R68: 2.2 | S68: 12.6 | T68: 1789.9 | U68: 219.2 | V68: 3 | W68: 56.9 | X68: 331.9 | Y68: 1347.9 | Z68: 2.6 | AA68: 12.4 | AB68: 1708.6 | AH68: =IF(AND(B68="Premier League",E68="Live"),_xlfn.XLOOKUP(_xlfn.TEXTJOIN(" vs ",,C68:D68),Calendar!G:G,Calendar!B:B),IF(AND(B68="Premier League",E68="Highlights"),_xlfn.XLOOKUP(H68,Calendar!O:O,Calendar!N:N,,-1),"")) -> #N/A | AI68: =IF(AND(AH68<>"",E68="Live"),_xlfn.XLOOKUP(_xlfn.TEXTJOIN(" vs ",,C68:D68),Calendar!G:G,Calendar!K:K),"") -> #N/A | AJ68: =IF(AND(K68<>"Match of the Day",K68<>"Match of the Day 2",K68<>"Match of the Day Repeat"),"",1+MAX($AJ$10:AJ67))
A69: OVN | B69: Sky Bet Championship | C69: Charlton Athletic | D69: Leicester City | E69: Live | F69: 0.52083333 | H69: 45892 | I69: 2025/26 | J69: Sat | K69: Whistle-to-Whistle | L69: Sky Sports Main Event | M69: Sky Sports | N69: 0.52152778 | O69: 0.60277778 | P69: 0.08125 | Q69: 180.3 | R69: 0.3 | S69: 3.5 | T69: 247.5 | U69: 9.3 | V69: 0.1 | W69: 3.7 | X69: 23 | Y69: 171.6 | Z69: 0.3 | AA69: 3.4 | AB69: 233.5 | AH69: =IF(AND(B69="Premier League",E69="Live"),_xlfn.XLOOKUP(_xlfn.TEXTJOIN(" vs ",,C69:D69),Calendar!G:G,Calendar!B:B),IF(AND(B69="Premier League",E69="Highlights"),_xlfn.XLOOKUP(H69,Calendar!O:O,Calendar!N:N,,-1),"")) | AI69: =IF(AND(AH69<>"",E69="Live"),_xlfn.XLOOKUP(_xlfn.TEXTJOIN(" vs ",,C69:D69),Calendar!G:G,Calendar!K:K),"") | AJ69: =IF(AND(K69<>"Match of the Day",K69<>"Match of the Day 2",K69<>"Match of the Day Repeat"),"",1+MAX($AJ$10:AJ68))
A70: OVN | B70: Sky Bet Championship | C70: Hull City | D70: Blackburn Rovers | E70: Live | F70: 0.52083333 | H70: 45892 | I70: 2025/26 | J70: Sat | K70: Whistle-to-Whistle | L70: Sky Sports+ | M70: Sky Sports | N70: 0.52152778 | O70: 0.6 | P70: 0.078472222 | Q70: 28.2 | R70: 0 | S70: 0.5 | T70: 44.2 | U70: 0 | V70: 0 | W70: 0 | X70: - | Y70: 22.7 | Z70: 0 | AA70: 0.5 | AB70: 37.7 | AH70: =IF(AND(B70="Premier League",E70="Live"),_xlfn.XLOOKUP(_xlfn.TEXTJOIN(" vs ",,C70:D70),Calendar!G:G,Calendar!B:B),IF(AND(B70="Premier League",E70="Highlights"),_xlfn.XLOOKUP(H70,Calendar!O:O,Calendar!N:N,,-1),"")) | AI70: =IF(AND(AH70<>"",E70="Live"),_xlfn.XLOOKUP(_xlfn.TEXTJOIN(" vs ",,C70:D70),Calendar!G:G,Calendar!K:K),"") | AJ70: =IF(AND(K70<>"Match of the Day",K70<>"Match of the Day 2",K70<>"Match of the Day Repeat"),"",1+MAX($AJ$10:AJ69))
A71: OVN | B71: Premier League | C71: Manchester City | D71: Tottenham Hotspur | E71: Live | F71: 0.52083333 | H71: 45892 | I71: 2025/26 | J71: Sat | K71: Whistle-to-Whistle | L71: TNT Sports 1 | M71: TNT Sports | N71: 0.52222222 | O71: 0.60416667 | P71: 0.081944444 | Q71: 1003.4 | R71: 1.6 | S71: 19.4 | T71: 1223 | U71: 158.6 | V71: 2.2 | W71: 64 | X71: 218 | Y71: 959.4 | Z71: 1.8 | AA71: 19.2 | AB71: 1163 | AH71: =IF(AND(B71="Premier League",E71="Live"),_xlfn.XLOOKUP(_xlfn.TEXTJOIN(" vs ",,C71:D71),Calendar!G:G,Calendar!B:B),IF(AND(B71="Premier League",E71="Highlights"),_xlfn.XLOOKUP(H71,Calendar!O:O,Calendar!N:N,,-1),"")) -> #N/A | AI71: =IF(AND(AH71<>"",E71="Live"),_xlfn.XLOOKUP(_xlfn.TEXTJOIN(" vs ",,C71:D71),Calendar!G:G,Calendar!K:K),"") -> #N/A | AJ71: =IF(AND(K71<>"Match of the Day",K71<>"Match of the Day 2",K71<>"Match of the Day Repeat"),"",1+MAX($AJ$10:AJ70))
A72: OVN | B72: Premier League | C72: Arsenal | D72: Leeds United | E72: Live | F72: 0.72916667 | H72: 45892 | I72: 2025/26 | J72: Sat | K72: Whistle-to-Whistle | L72: Sky Sports Main Event | M72: Sky Sports | N72: 0.72916667 | O72: 0.80972222 | P72: 0.080555556 | Q72: 1630.9 | R72: 2.7 | S72: 18 | T72: 1846.3 | U72: 184 | V72: 2.5 | W72: 64.2 | X72: 236.9 | Y72: 1507.7 | Z72: 2.9 | AA72: 17.2 | AB72: 1720.9 | AH72: =IF(AND(B72="Premier League",E72="Live"),_xlfn.XLOOKUP(_xlfn.TEXTJOIN(" vs ",,C72:D72),Calendar!G:G,Calendar!B:B),IF(AND(B72="Premier League",E72="Highlights"),_xlfn.XLOOKUP(H72,Calendar!O:O,Calendar!N:N,,-1),"")) -> #N/A | AI72: =IF(AND(AH72<>"",E72="Live"),_xlfn.XLOOKUP(_xlfn.TEXTJOIN(" vs ",,C72:D72),Calendar!G:G,Calendar!K:K),"") -> #N/A | AJ72: =IF(AND(K72<>"Match of the Day",K72<>"Match of the Day 2",K72<>"Match of the Day Repeat"),"",1+MAX($AJ$10:AJ71))
A73: OVN | B73: Premier League | C73: Brentford | D73: Aston Villa | E73: Near Live | F73: 0.85416667 | H73: 45892 | I73: 2025/26 | J73: Sat | K73: Whistle-to-Whistle | L73: Sky Sports Premier League | M73: Sky Sports | N73: 0.86666667 | O73: 0.94444444 | P73: 0.077777778 | Q73: 37 | R73: 0.1 | S73: 0.5 | T73: 100.3 | U73: 1.8 | V73: 0 | W73: 1.3 | X73: 5.2 | Y73: 36.4 | Z73: 0.1 | AA73: 0.5 | AB73: 88 | AH73: =IF(AND(B73="Premier League",E73="Live"),_xlfn.XLOOKUP(_xlfn.TEXTJOIN(" vs ",,C73:D73),Calendar!G:G,Calendar!B:B),IF(AND(B73="Premier League",E73="Highlights"),_xlfn.XLOOKUP(H73,Calendar!O:O,Calendar!N:N,,-1),"")) | AI73: =IF(AND(AH73<>"",E73="Live"),_xlfn.XLOOKUP(_xlfn.TEXTJOIN(" vs ",,C73:D73),Calendar!G:G,Calendar!K:K),"") | AJ73: =IF(AND(K73<>"Match of the Day",K73<>"Match of the Day 2",K73<>"Match of the Day Repeat"),"",1+MAX($AJ$10:AJ72))
A74: OVN | B74: Premier League | E74: Highlights | F74: 0.93055556 | H74: 45892 | I74: 2025/26 | J74: Sat | K74: Match Of The Day | L74: BBC 1 | M74: BBC | N74: 0.93055556 | O74: 0.98611111 | P74: 0.055555556 | Q74: 1667.6 | R74: 2.7 | S74: 29 | T74: 2137.7 | U74: 62.2 | V74: 0.9 | W74: 51.2 | X74: 84.3 | Y74: 1600.8 | Z74: 3 | AA74: 28.6 | AB74: 2069 | AH74: =IF(AND(B74="Premier League",E74="Live"),_xlfn.XLOOKUP(_xlfn.TEXTJOIN(" vs ",,C74:D74),Calendar!G:G,Calendar!B:B),IF(AND(B74="Premier League",E74="Highlights"),_xlfn.XLOOKUP(H74,Calendar!O:O,Calendar!N:N,,-1),"")) -> Matchweek 01 | AI74: =IF(AND(AH74<>"",E74="Live"),_xlfn.XLOOKUP(_xlfn.TEXTJOIN(" vs ",,C74:D74),Calendar!G:G,Calendar!K:K),"") | AJ74: =IF(AND(K74<>"Match of the Day",K74<>"Match of the Day 2",K74<>"Match of the Day Repeat"),"",1+MAX($AJ$10:AJ73)) -> 4
A75: OVN | B75: Scottish Premiership | C75: St Mirren | D75: Rangers | E75: Live | F75: 0.5 | H75: 45893 | I75: 2025/26 | J75: Sun | K75: Whistle-to-Whistle | L75: Sky Sports Football | M75: Sky Sports | N75: 0.5 | O75: 0.57986111 | P75: 0.079861111 | Q75: 196.9 | R75: 0.3 | S75: 4.2 | T75: 376.5 | U75: 19.8 | V75: 0.3 | W75: 14.8 | X75: 32.3 | Y75: 193.7 | Z75: 0.4 | AA75: 4.3 | AB75: 368.8 | AH75: =IF(AND(B75="Premier League",E75="Live"),_xlfn.XLOOKUP(_xlfn.TEXTJOIN(" vs ",,C75:D75),Calendar!G:G,Calendar!B:B),IF(AND(B75="Premier League",E75="Highlights"),_xlfn.XLOOKUP(H75,Calendar!O:O,Calendar!N:N,,-1),"")) | AI75: =IF(AND(AH75<>"",E75="Live"),_xlfn.XLOOKUP(_xlfn.TEXTJOIN(" vs ",,C75:D75),Calendar!G:G,Calendar!K:K),"") | AJ75: =IF(AND(K75<>"Match of the Day",K75<>"Match of the Day 2",K75<>"Match of the Day Repeat"),"",1+MAX($AJ$10:AJ74))
A76: OVN | B76: Premier League | C76: Crystal Palace | D76: Nottingham Forest | E76: Live | F76: 0.58333333 | H76: 45893 | I76: 2025/26 | J76: Sun | K76: Whistle-to-Whistle | L76: Sky Sports Premier League | M76: Sky Sports | N76: 0.58402778 | O76: 0.6625 | P76: 0.078472222 | Q76: 480.7 | R76: 0.8 | S76: 8.7 | T76: 633.3 | U76: 65.7 | V76: 0.9 | W76: 28.3 | X76: 97.9 | Y76: 447.5 | Z76: 0.8 | AA76: 8.4 | AB76: 592 | AH76: =IF(AND(B76="Premier League",E76="Live"),_xlfn.XLOOKUP(_xlfn.TEXTJOIN(" vs ",,C76:D76),Calendar!G:G,Calendar!B:B),IF(AND(B76="Premier League",E76="Highlights"),_xlfn.XLOOKUP(H76,Calendar!O:O,Calendar!N:N,,-1),"")) -> #N/A | AI76: =IF(AND(AH76<>"",E76="Live"),_xlfn.XLOOKUP(_xlfn.TEXTJOIN(" vs ",,C76:D76),Calendar!G:G,Calendar!K:K),"") -> #N/A | AJ76: =IF(AND(K76<>"Match of the Day",K76<>"Match of the Day 2",K76<>"Match of the Day Repeat"),"",1+MAX($AJ$10:AJ75))
A77: OVN | B77: Premier League | C77: Everton | D77: Brighton & Hove Albion | E77: Live | F77: 0.58333333 | H77: 45893 | I77: 2025/26 | J77: Sun | K77: Whistle-to-Whistle | L77: Sky Sports Main Event | M77: Sky Sports | N77: 0.58402778 | O77: 0.66388889 | P77: 0.079861111 | Q77: 883.1 | R77: 1.4 | S77: 16 | T77: 1067.7 | U77: 85.3 | V77: 1.2 | W77: 36.6 | X77: 141.1 | Y77: 853.3 | Z77: 1.6 | AA77: 15.9 | AB77: 1030.4 | AH77: =IF(AND(B77="Premier League",E77="Live"),_xlfn.XLOOKUP(_xlfn.TEXTJOIN(" vs ",,C77:D77),Calendar!G:G,Calendar!B:B),IF(AND(B77="Premier League",E77="Highlights"),_xlfn.XLOOKUP(H77,Calendar!O:O,Calendar!N:N,,-1),"")) -> #N/A | AI77: =IF(AND(AH77<>"",E77="Live"),_xlfn.XLOOKUP(_xlfn.TEXTJOIN(" vs ",,C77:D77),Calendar!G:G,Calendar!K:K),"") -> #N/A | AJ77: =IF(AND(K77<>"Match of the Day",K77<>"Match of the Day 2",K77<>"Match of the Day Repeat"),"",1+MAX($AJ$10:AJ76))
A78: OVN | B78: Premier League | C78: Fulham | D78: Manchester United | E78: Live | F78: 0.6875 | H78: 45893 | I78: 2025/26 | J78: Sun | K78: Whistle-to-Whistle | L78: Sky Sports Main Event | M78: Sky Sports | N78: 0.6875 | O78: 0.76597222 | P78: 0.078472222 | Q78: 2171.4 | R78: 3.5 | S78: 26.6 | T78: 2509.8 | U78: 291.7 | V78: 4 | W78: 70.8 | X78: 382.3 | Y78: 2068.2 | Z78: 3.9 | AA78: 26.3 | AB78: 2404.3 | AH78: =IF(AND(B78="Premier League",E78="Live"),_xlfn.XLOOKUP(_xlfn.TEXTJOIN(" vs ",,C78:D78),Calendar!G:G,Calendar!B:B),IF(AND(B78="Premier League",E78="Highlights"),_xlfn.XLOOKUP(H78,Calendar!O:O,Calendar!N:N,,-1),"")) -> #N/A | AI78: =IF(AND(AH78<>"",E78="Live"),_xlfn.XLOOKUP(_xlfn.TEXTJOIN(" vs ",,C78:D78),Calendar!G:G,Calendar!K:K),"") -> #N/A | AJ78: =IF(AND(K78<>"Match of the Day",K78<>"Match of the Day 2",K78<>"Match of the Day Repeat"),"",1+MAX($AJ$10:AJ77))
A79: OVN | B79: Premier League | E79: Highlights | F79: 0.36111111 | H79: 45893 | I79: 2025/26 | J79: Sun | K79: Match Of The Day Repeat | L79: BBC 1 | M79: BBC | N79: 0.36111111 | O79: 0.41666667 | P79: 0.055555556 | Q79: 835.9 | R79: 1.4 | S79: 22.7 | T79: 1212.7 | U79: 15 | V79: 0.2 | W79: 29.3 | X79: 30 | Y79: 813.2 | Z79: 1.5 | AA79: 23 | AB79: 1185.4 | AH79: =IF(AND(B79="Premier League",E79="Live"),_xlfn.XLOOKUP(_xlfn.TEXTJOIN(" vs ",,C79:D79),Calendar!G:G,Calendar!B:B),IF(AND(B79="Premier League",E79="Highlights"),_xlfn.XLOOKUP(H79,Calendar!O:O,Calendar!N:N,,-1),"")) -> Matchweek 01 | AI79: =IF(AND(AH79<>"",E79="Live"),_xlfn.XLOOKUP(_xlfn.TEXTJOIN(" vs ",,C79:D79),Calendar!G:G,Calendar!K:K),"") | AJ79: =IF(AND(K79<>"Match of the Day",K79<>"Match of the Day 2",K79<>"Match of the Day Repeat"),"",1+MAX($AJ$10:AJ78)) -> 5
A80: OVN | B80: Premier League | E80: Highlights | F80: 0.9375 | H80: 45893 | I80: 2025/26 | J80: Sun | K80: Match Of The Day 2 | L80: BBC 1 | M80: BBC | N80: 0.9375 | O80: 0.97916667 | P80: 0.041666667 | Q80: 1486.2 | R80: 2.4 | S80: 23.8 | T80: 2505.1 | U80: 21.3 | V80: 0.3 | W80: 14.6 | X80: 53.4 | Y80: 1467.5 | Z80: 2.8 | AA80: 23.9 | AB80: 2466.8 | AH80: =IF(AND(B80="Premier League",E80="Live"),_xlfn.XLOOKUP(_xlfn.TEXTJOIN(" vs ",,C80:D80),Calendar!G:G,Calendar!B:B),IF(AND(B80="Premier League",E80="Highlights"),_xlfn.XLOOKUP(H80,Calendar!O:O,Calendar!N:N,,-1),"")) -> Matchweek 01 | AI80: =IF(AND(AH80<>"",E80="Live"),_xlfn.XLOOKUP(_xlfn.TEXTJOIN(" vs ",,C80:D80),Calendar!G:G,Calendar!K:K),"") | AJ80: =IF(AND(K80<>"Match of the Day",K80<>"Match of the Day 2",K80<>"Match of the Day Repeat"),"",1+MAX($AJ$10:AJ79)) -> 6
A81: OVN | B81: Premier League | C81: Newcastle United | D81: Liverpool | E81: Live | F81: 0.83333333 | H81: 45894 | I81: 2025/26 | J81: Mon | K81: Whistle-to-Whistle | L81: Sky Sports Main Event | M81: Sky Sports | N81: 0.83333333 | O81: 0.92013889 | P81: 0.086805556 | Q81: 2626.3 | R81: 4.3 | S81: 21.2 | T81: 3061.7 | U81: 380 | V81: 5.2 | W81: 74.6 | X81: 475.7 | Y81: 2522.1 | Z81: 4.8 | AA81: 20.9 | AB81: 2951 | AH81: =IF(AND(B81="Premier League",E81="Live"),_xlfn.XLOOKUP(_xlfn.TEXTJOIN(" vs ",,C81:D81),Calendar!G:G,Calendar!B:B),IF(AND(B81="Premier League",E81="Highlights"),_xlfn.XLOOKUP(H81,Calendar!O:O,Calendar!N:N,,-1),"")) -> #N/A | AI81: =IF(AND(AH81<>"",E81="Live"),_xlfn.XLOOKUP(_xlfn.TEXTJOIN(" vs ",,C81:D81),Calendar!G:G,Calendar!K:K),"") -> #N/A | AJ81: =IF(AND(K81<>"Match of the Day",K81<>"Match of the Day 2",K81<>"Match of the Day Repeat"),"",1+MAX($AJ$10:AJ80))
A82: OVN | B82: Premier League | E82: Highlights | F82: 0.33333333 | H82: 45894 | I82: 2025/26 | J82: Mon | K82: Match Of The Day 2 Repeat | L82: BBC 2 | M82: BBC | N82: 0.33333333 | O82: 0.375 | P82: 0.041666667 | Q82: 148.2 | R82: 0.2 | S82: 4.4 | T82: 211.6 | U82: 13.6 | V82: 0.2 | W82: 20.1 | X82: 18.2 | Y82: 133.5 | Z82: 0.3 | AA82: 4.2 | AB82: 194.7 | AH82: =IF(AND(B82="Premier League",E82="Live"),_xlfn.XLOOKUP(_xlfn.TEXTJOIN(" vs ",,C82:D82),Calendar!G:G,Calendar!B:B),IF(AND(B82="Premier League",E82="Highlights"),_xlfn.XLOOKUP(H82,Calendar!O:O,Calendar!N:N,,-1),"")) -> Matchweek 01 | AI82: =IF(AND(AH82<>"",E82="Live"),_xlfn.XLOOKUP(_xlfn.TEXTJOIN(" vs ",,C82:D82),Calendar!G:G,Calendar!K:K),"") | AJ82: =IF(AND(K82<>"Match of the Day",K82<>"Match of the Day 2",K82<>"Match of the Day Repeat"),"",1+MAX($AJ$10:AJ81))
A83: OVN | B83: Carabao Cup | C83: Wolverhampton Wanderers | D83: West Ham United | E83: Live | F83: 0.8125 | H83: 45895 | I83: 2025/26 | J83: Tue | K83: Whistle-to-Whistle | L83: Sky Sports+ | M83: Sky Sports | N83: 0.8125 | O83: 0.89236111 | P83: =O83-N83 -> 0.079861111 | Q83: 250 | R83: 0.4 | S83: 2.3 | T83: 424.8 | U83: 34.3 | V83: 0.5 | W83: 16.5 | X83: 52.9 | Y83: 238.7 | Z83: 0.5 | AA83: 2.3 | AB83: 408.6 | AH83: =IF(AND(B83="Premier League",E83="Live"),_xlfn.XLOOKUP(_xlfn.TEXTJOIN(" vs ",,C83:D83),Calendar!G:G,Calendar!B:B),IF(AND(B83="Premier League",E83="Highlights"),_xlfn.XLOOKUP(H83,Calendar!O:O,Calendar!N:N,,-1),"")) | AI83: =IF(AND(AH83<>"",E83="Live"),_xlfn.XLOOKUP(_xlfn.TEXTJOIN(" vs ",,C83:D83),Calendar!G:G,Calendar!K:K),"") | AJ83: =IF(AND(K83<>"Match of the Day",K83<>"Match of the Day 2",K83<>"Match of the Day Repeat"),"",1+MAX($AJ$10:AJ82))
A84: OVN | B84: Carabao Cup | C84: Sheffield Wednesday | D84: Leeds United | E84: Live | F84: 0.83333333 | H84: 45895 | I84: 2025/26 | J84: Tue | K84: Whistle-to-Whistle | L84: Sky Sports Football | M84: Sky Sports | N84: 0.83333333 | O84: 0.91805556 | P84: =O84-N84 -> 0.084722222 | Q84: 90.3 | R84: 0.1 | S84: 0.8 | T84: 196.2 | U84: 8.4 | V84: 0.1 | W84: 3.8 | X84: 19.5 | Y84: 89.1 | Z84: 0.2 | AA84: 0.8 | AB84: 192.4 | AH84: =IF(AND(B84="Premier League",E84="Live"),_xlfn.XLOOKUP(_xlfn.TEXTJOIN(" vs ",,C84:D84),Calendar!G:G,Calendar!B:B),IF(AND(B84="Premier League",E84="Highlights"),_xlfn.XLOOKUP(H84,Calendar!O:O,Calendar!N:N,,-1),"")) | AI84: =IF(AND(AH84<>"",E84="Live"),_xlfn.XLOOKUP(_xlfn.TEXTJOIN(" vs ",,C84:D84),Calendar!G:G,Calendar!K:K),"") | AJ84: =IF(AND(K84<>"Match of the Day",K84<>"Match of the Day 2",K84<>"Match of the Day Repeat"),"",1+MAX($AJ$10:AJ83))
A85: OVN | B85: UEFA Champions League | C85: Pafos | D85: Crvena zvezda | E85: Live | F85: 0.83333333 | H85: 45895 | I85: 2025/26 | J85: Tue | K85: Whistle-to-Whistle | L85: TNT Sports 2 | M85: TNT Sports | N85: 0.83402778 | O85: 0.90972222 | P85: =O85-N85 -> 0.075694444 | Q85: 5.8 | R85: 0 | S85: 0.1 | T85: 28.7 | U85: 0 | V85: 0 | W85: 0 | X85: 4.6 | Y85: 5.8 | Z85: 0 | AA85: 0.1 | AB85: 28.7 | AH85: =IF(AND(B85="Premier League",E85="Live"),_xlfn.XLOOKUP(_xlfn.TEXTJOIN(" vs ",,C85:D85),Calendar!G:G,Calendar!B:B),IF(AND(B85="Premier League",E85="Highlights"),_xlfn.XLOOKUP(H85,Calendar!O:O,Calendar!N:N,,-1),"")) | AI85: =IF(AND(AH85<>"",E85="Live"),_xlfn.XLOOKUP(_xlfn.TEXTJOIN(" vs ",,C85:D85),Calendar!G:G,Calendar!K:K),"") | AJ85: =IF(AND(K85<>"Match of the Day",K85<>"Match of the Day 2",K85<>"Match of the Day Repeat"),"",1+MAX($AJ$10:AJ84))
A86: OVN | B86: UEFA Champions League | C86: FK Qarabag | D86: Ferencvaros | E86: Live | F86: 0.73958333 | H86: 45896 | I86: 2025/26 | J86: Wed | K86: Whistle-to-Whistle | L86: TNT Sports 2 | M86: TNT Sports | N86: 0.74027778 | O86: 0.81944444 | P86: =O86-N86 -> 0.079166667 | Q86: 19.8 | R86: 0 | S86: 0.2 | T86: 60.8 | U86: 0 | V86: 0 | W86: 0 | X86: - | Y86: 19.8 | Z86: 0 | AA86: 0.2 | AB86: 60.8 | AH86: =IF(AND(B86="Premier League",E86="Live"),_xlfn.XLOOKUP(_xlfn.TEXTJOIN(" vs ",,C86:D86),Calendar!G:G,Calendar!B:B),IF(AND(B86="Premier League",E86="Highlights"),_xlfn.XLOOKUP(H86,Calendar!O:O,Calendar!N:N,,-1),"")) | AI86: =IF(AND(AH86<>"",E86="Live"),_xlfn.XLOOKUP(_xlfn.TEXTJOIN(" vs ",,C86:D86),Calendar!G:G,Calendar!K:K),"") | AJ86: =IF(AND(K86<>"Match of the Day",K86<>"Match of the Day 2",K86<>"Match of the Day Repeat"),"",1+MAX($AJ$10:AJ85))
A87: OVN | B87: Carabao Cup | C87: Everton | D87: Mansfield Town | E87: Live | F87: 0.82291667 | H87: 45896 | I87: 2025/26 | J87: Wed | K87: Whistle-to-Whistle | L87: Sky Sports+ | M87: Sky Sports | N87: 0.83333333 | O87: 0.90972222 | P87: =O87-N87 -> 0.076388889 | Q87: 123.8 | R87: 0.2 | S87: 1.1 | T87: 171.9 | U87: 9.2 | V87: 0.1 | W87: 2.4 | X87: 13.4 | Y87: 121.3 | Z87: 0.2 | AA87: 1.1 | AB87: 171.9 | AH87: =IF(AND(B87="Premier League",E87="Live"),_xlfn.XLOOKUP(_xlfn.TEXTJOIN(" vs ",,C87:D87),Calendar!G:G,Calendar!B:B),IF(AND(B87="Premier League",E87="Highlights"),_xlfn.XLOOKUP(H87,Calendar!O:O,Calendar!N:N,,-1),"")) | AI87: =IF(AND(AH87<>"",E87="Live"),_xlfn.XLOOKUP(_xlfn.TEXTJOIN(" vs ",,C87:D87),Calendar!G:G,Calendar!K:K),"") | AJ87: =IF(AND(K87<>"Match of the Day",K87<>"Match of the Day 2",K87<>"Match of the Day Repeat"),"",1+MAX($AJ$10:AJ86))
A88: OVN | B88: Carabao Cup | C88: Grimsby Town | D88: Manchester United | E88: Live | F88: 0.83333333 | H88: 45896 | I88: 2025/26 | J88: Wed | K88: Whistle-to-Whistle | L88: ITV1 | M88: ITV | N88: 0.83333333 | O88: 0.92708333 | P88: =O88-N88 -> 0.09375 | Q88: 2536.5 | R88: 4.1 | S88: 22.7 | T88: 3911.3 | U88: 202.5 | V88: 2.8 | W88: 49.5 | X88: 313.4 | Y88: 2426.3 | Z88: 4.6 | AA88: 22.4 | AB88: 3785.5 | AH88: =IF(AND(B88="Premier League",E88="Live"),_xlfn.XLOOKUP(_xlfn.TEXTJOIN(" vs ",,C88:D88),Calendar!G:G,Calendar!B:B),IF(AND(B88="Premier League",E88="Highlights"),_xlfn.XLOOKUP(H88,Calendar!O:O,Calendar!N:N,,-1),"")) | AI88: =IF(AND(AH88<>"",E88="Live"),_xlfn.XLOOKUP(_xlfn.TEXTJOIN(" vs ",,C88:D88),Calendar!G:G,Calendar!K:K),"") | AJ88: =IF(AND(K88<>"Match of the Day",K88<>"Match of the Day 2",K88<>"Match of the Day Repeat"),"",1+MAX($AJ$10:AJ87))
A89: OVN | B89: UEFA Champions League | C89: Benfica | D89: Fenerbahce | E89: Live | F89: 0.83333333 | H89: 45896 | I89: 2025/26 | J89: Wed | K89: Whistle-to-Whistle | L89: TNT Sports 2 | M89: TNT Sports | N89: 0.83333333 | O89: 0.91666667 | P89: =O89-N89 -> 0.083333333 | Q89: 19.2 | R89: 0 | S89: 0.2 | T89: 46.4 | U89: 0 | V89: 0 | W89: 0 | X89: 1.2 | Y89: 19.2 | Z89: 0 | AA89: 0.2 | AB89: 46.4 | AH89: =IF(AND(B89="Premier League",E89="Live"),_xlfn.XLOOKUP(_xlfn.TEXTJOIN(" vs ",,C89:D89),Calendar!G:G,Calendar!B:B),IF(AND(B89="Premier League",E89="Highlights"),_xlfn.XLOOKUP(H89,Calendar!O:O,Calendar!N:N,,-1),"")) | AI89: =IF(AND(AH89<>"",E89="Live"),_xlfn.XLOOKUP(_xlfn.TEXTJOIN(" vs ",,C89:D89),Calendar!G:G,Calendar!K:K),"") | AJ89: =IF(AND(K89<>"Match of the Day",K89<>"Match of the Day 2",K89<>"Match of the Day Repeat"),"",1+MAX($AJ$10:AJ88))
A90: OVN | B90: UEFA Champions League | C90: Club Brugge | D90: Rangers | E90: Live | F90: 0.83333333 | H90: 45896 | I90: 2025/26 | J90: Wed | K90: Whistle-to-Whistle | L90: TNT Sports 1 | M90: TNT Sports | N90: 0.83333333 | O90: 0.90902778 | P90: =O90-N90 -> 0.075694444 | Q90: 219.6 | R90: 0.4 | S90: 2 | T90: 286.4 | U90: 6.4 | V90: 0.1 | W90: 1.7 | X90: 16.4 | Y90: 211.5 | Z90: 0.4 | AA90: 1.9 | AB90: 280.7 | AH90: =IF(AND(B90="Premier League",E90="Live"),_xlfn.XLOOKUP(_xlfn.TEXTJOIN(" vs ",,C90:D90),Calendar!G:G,Calendar!B:B),IF(AND(B90="Premier League",E90="Highlights"),_xlfn.XLOOKUP(H90,Calendar!O:O,Calendar!N:N,,-1),"")) | AI90: =IF(AND(AH90<>"",E90="Live"),_xlfn.XLOOKUP(_xlfn.TEXTJOIN(" vs ",,C90:D90),Calendar!G:G,Calendar!K:K),"") | AJ90: =IF(AND(K90<>"Match of the Day",K90<>"Match of the Day 2",K90<>"Match of the Day Repeat"),"",1+MAX($AJ$10:AJ89))
A91: OVN | B91: UEFA Champions League | C91: FC Copenhagen | D91: FC Basel | E91: Live | F91: 0.83333333 | H91: 45896 | I91: 2025/26 | J91: Wed | K91: Whistle-to-Whistle | L91: TNT Sports 3 | M91: TNT Sports | N91: 0.83402778 | O91: 0.91180556 | P91: =O91-N91 -> 0.077777778 | Q91: 9.1 | R91: 0 | S91: 0.1 | T91: 22.5 | U91: 0 | V91: 0 | W91: 0 | X91: - | Y91: 9.1 | Z91: 0 | AA91: 0.1 | AB91: 22.5 | AH91: =IF(AND(B91="Premier League",E91="Live"),_xlfn.XLOOKUP(_xlfn.TEXTJOIN(" vs ",,C91:D91),Calendar!G:G,Calendar!B:B),IF(AND(B91="Premier League",E91="Highlights"),_xlfn.XLOOKUP(H91,Calendar!O:O,Calendar!N:N,,-1),"")) | AI91: =IF(AND(AH91<>"",E91="Live"),_xlfn.XLOOKUP(_xlfn.TEXTJOIN(" vs ",,C91:D91),Calendar!G:G,Calendar!K:K),"") | AJ91: =IF(AND(K91<>"Match of the Day",K91<>"Match of the Day 2",K91<>"Match of the Day Repeat"),"",1+MAX($AJ$10:AJ90))
A92: OVN | B92: Carabao Cup | E92: Highlights | F92: 0 | H92: 45897 | I92: 2025/26 | J92: Thu | K92: Carabao Cup Higlights | L92: ITV 4 | M92: ITV | N92: 1 | O92: 1.0625 | P92: =O92-N92 -> 0.0625 | Q92: 38.2 | R92: 0.1 | S92: 2.3 | T92: 53.4 | U92: 0 | V92: 0 | W92: 0 | X92: - | Y92: 38.2 | Z92: 0.1 | AA92: 2.4 | AB92: 53.4 | AH92: =IF(AND(B92="Premier League",E92="Live"),_xlfn.XLOOKUP(_xlfn.TEXTJOIN(" vs ",,C92:D92),Calendar!G:G,Calendar!B:B),IF(AND(B92="Premier League",E92="Highlights"),_xlfn.XLOOKUP(H92,Calendar!O:O,Calendar!N:N,,-1),"")) | AI92: =IF(AND(AH92<>"",E92="Live"),_xlfn.XLOOKUP(_xlfn.TEXTJOIN(" vs ",,C92:D92),Calendar!G:G,Calendar!K:K),"") | AJ92: =IF(AND(K92<>"Match of the Day",K92<>"Match of the Day 2",K92<>"Match of the Day Repeat"),"",1+MAX($AJ$10:AJ91))
A93: OVN | B93: UEFA Conference League | C93: Fredrikstad | D93: Crystal Palace | E93: Live | F93: 0.70833333 | H93: 45897 | I93: 2025/26 | J93: Thu | K93: Whistle-to-Whistle | L93: Channel 5 | M93: Channel | N93: 0.70833333 | O93: 0.78680556 | P93: =O93-N93 -> 0.078472222 | Q93: 2003.9 | R93: 3.2 | S93: 23.4 | T93: 3117.8 | U93: 23.8 | V93: 0.3 | W93: 16.4 | X93: 55.3 | Y93: 1969.7 | Z93: 3.7 | AA93: 23.7 | AB93: 3062.2 | AH93: =IF(AND(B93="Premier League",E93="Live"),_xlfn.XLOOKUP(_xlfn.TEXTJOIN(" vs ",,C93:D93),Calendar!G:G,Calendar!B:B),IF(AND(B93="Premier League",E93="Highlights"),_xlfn.XLOOKUP(H93,Calendar!O:O,Calendar!N:N,,-1),"")) | AI93: =IF(AND(AH93<>"",E93="Live"),_xlfn.XLOOKUP(_xlfn.TEXTJOIN(" vs ",,C93:D93),Calendar!G:G,Calendar!K:K),"") | AJ93: =IF(AND(K93<>"Match of the Day",K93<>"Match of the Day 2",K93<>"Match of the Day Repeat"),"",1+MAX($AJ$10:AJ92))
A94: OVN | B94: UEFA Europa League | C94: FCSB | D94: Aberdeen | E94: Live | F94: 0.8125 | H94: 45897 | I94: 2025/26 | J94: Thu | K94: Whistle-to-Whistle | L94: BBC Scotland | M94: BBC | N94: 0.81319444 | O94: 0.89305556 | P94: =O94-N94 -> 0.079861111 | Q94: 188.9 | R94: 0.3 | S94: 1.8 | T94: 256.3 | U94: 7.7 | V94: 0.1 | W94: 3.6 | X94: 16.1 | Y94: 187.3 | Z94: 0.4 | AA94: 1.9 | AB94: 253.1 | AH94: =IF(AND(B94="Premier League",E94="Live"),_xlfn.XLOOKUP(_xlfn.TEXTJOIN(" vs ",,C94:D94),Calendar!G:G,Calendar!B:B),IF(AND(B94="Premier League",E94="Highlights"),_xlfn.XLOOKUP(H94,Calendar!O:O,Calendar!N:N,,-1),"")) | AI94: =IF(AND(AH94<>"",E94="Live"),_xlfn.XLOOKUP(_xlfn.TEXTJOIN(" vs ",,C94:D94),Calendar!G:G,Calendar!K:K),"") | AJ94: =IF(AND(K94<>"Match of the Day",K94<>"Match of the Day 2",K94<>"Match of the Day Repeat"),"",1+MAX($AJ$10:AJ93))
A95: OVN | B95: Sky Bet Championship | C95: Leicester City | D95: Birmingham City | E95: Live | F95: 0.83333333 | H95: 45898 | I95: 2025/26 | J95: Fri | K95: Whistle-to-Whistle | L95: Sky Sports Main Event | M95: Sky Sports | N95: 0.83333333 | O95: 0.91736111 | P95: =O95-N95 -> 0.084027778 | Q95: 594 | R95: 1 | S95: 6 | T95: 721.8 | U95: 44.2 | V95: 0.6 | W95: 19 | X95: 78.2 | Y95: 570.4 | Z95: 1.1 | AA95: 5.8 | AB95: 702.1 | AH95: =IF(AND(B95="Premier League",E95="Live"),_xlfn.XLOOKUP(_xlfn.TEXTJOIN(" vs ",,C95:D95),Calendar!G:G,Calendar!B:B),IF(AND(B95="Premier League",E95="Highlights"),_xlfn.XLOOKUP(H95,Calendar!O:O,Calendar!N:N,,-1),"")) | AI95: =IF(AND(AH95<>"",E95="Live"),_xlfn.XLOOKUP(_xlfn.TEXTJOIN(" vs ",,C95:D95),Calendar!G:G,Calendar!K:K),"") | AJ95: =IF(AND(K95<>"Match of the Day",K95<>"Match of the Day 2",K95<>"Match of the Day Repeat"),"",1+MAX($AJ$10:AJ94))
A96: OVN | B96: Sky Bet Championship | C96: Middlesbrough | D96: Sheffield United | E96: Live | F96: 0.52083333 | H96: 45899 | I96: 2025/26 | J96: Sat | K96: Whistle-to-Whistle | L96: Sky Sports Main Event | M96: Sky Sports | N96: 0.52083333 | O96: 0.60208333 | P96: =O96-N96 -> 0.08125 | Q96: 228.7 | R96: 0.3 | S96: 4 | T96: 328.6 | U96: 20.3 | V96: 0.3 | W96: 7.3 | X96: 56.5 | Y96: 225 | Z96: 0.5 | AA96: 4 | AB96: 312.2 | AH96: =IF(AND(B96="Premier League",E96="Live"),_xlfn.XLOOKUP(_xlfn.TEXTJOIN(" vs ",,C96:D96),Calendar!G:G,Calendar!B:B),IF(AND(B96="Premier League",E96="Highlights"),_xlfn.XLOOKUP(H96,Calendar!O:O,Calendar!N:N,,-1),"")) | AI96: =IF(AND(AH96<>"",E96="Live"),_xlfn.XLOOKUP(_xlfn.TEXTJOIN(" vs ",,C96:D96),Calendar!G:G,Calendar!K:K),"") | AJ96: =IF(AND(K96<>"Match of the Day",K96<>"Match of the Day 2",K96<>"Match of the Day Repeat"),"",1+MAX($AJ$10:AJ95))
A97: OVN | B97: Sky Bet Championship | C97: QPR | D97: Charlton Athletic | E97: Live | F97: 0.52083333 | H97: 45899 | I97: 2025/26 | J97: Sat | K97: Whistle-to-Whistle | L97: Sky Sports+ | M97: Sky Sports | N97: 0.52083333 | O97: 0.60277778 | P97: =O97-N97 -> 0.081944444 | Q97: 30.2 | R97: 0 | S97: 0.5 | T97: 54.5 | U97: 1.9 | V97: 0 | W97: 0.7 | X97: 18.6 | Y97: 30 | Z97: 0.1 | AA97: 0.5 | AB97: 51.8 | AH97: =IF(AND(B97="Premier League",E97="Live"),_xlfn.XLOOKUP(_xlfn.TEXTJOIN(" vs ",,C97:D97),Calendar!G:G,Calendar!B:B),IF(AND(B97="Premier League",E97="Highlights"),_xlfn.XLOOKUP(H97,Calendar!O:O,Calendar!N:N,,-1),"")) | AI97: =IF(AND(AH97<>"",E97="Live"),_xlfn.XLOOKUP(_xlfn.TEXTJOIN(" vs ",,C97:D97),Calendar!G:G,Calendar!K:K),"") | AJ97: =IF(AND(K97<>"Match of the Day",K97<>"Match of the Day 2",K97<>"Match of the Day Repeat"),"",1+MAX($AJ$10:AJ96))
A98: OVN | B98: Emirates FA cup | C98: Tadley Calleva | D98: Weymouth | E98: Live | F98: 0.52083333 | H98: 45899 | I98: 2025/26 | J98: Sat | K98: Whistle-to-Whistle | L98: BBC Red Button | M98: BBC | N98: 0.52152778 | O98: 0.60138889 | P98: =O98-N98 -> 0.079861111 | Q98: 336.1 | R98: 0.5 | S98: 5.8 | T98: 499.8 | U98: 6.8 | V98: 0.1 | W98: 2.4 | X98: 20.7 | Y98: 332.5 | Z98: 0.6 | AA98: 5.9 | AB98: 494.5 | AH98: =IF(AND(B98="Premier League",E98="Live"),_xlfn.XLOOKUP(_xlfn.TEXTJOIN(" vs ",,C98:D98),Calendar!G:G,Calendar!B:B),IF(AND(B98="Premier League",E98="Highlights"),_xlfn.XLOOKUP(H98,Calendar!O:O,Calendar!N:N,,-1),"")) | AI98: =IF(AND(AH98<>"",E98="Live"),_xlfn.XLOOKUP(_xlfn.TEXTJOIN(" vs ",,C98:D98),Calendar!G:G,Calendar!K:K),"") | AJ98: =IF(AND(K98<>"Match of the Day",K98<>"Match of the Day 2",K98<>"Match of the Day Repeat"),"",1+MAX($AJ$10:AJ97))
A99: OVN | B99: Premier League | C99: Chelsea | D99: Fulham | E99: Live | F99: 0.52083333 | H99: 45899 | I99: 2025/26 | J99: Sat | K99: Whistle-to-Whistle | L99: TNT Sports 1 | M99: TNT Sports | N99: 0.52152778 | O99: 0.60694444 | P99: =O99-N99 -> 0.085416667 | Q99: 784.7 | R99: 1.3 | S99: 13.5 | T99: 961.2 | U99: 139.2 | V99: 1.9 | W99: 49.7 | X99: 186.1 | Y99: 720.7 | Z99: 1.4 | AA99: 12.8 | AB99: 877.6 | AH99: =IF(AND(B99="Premier League",E99="Live"),_xlfn.XLOOKUP(_xlfn.TEXTJOIN(" vs ",,C99:D99),Calendar!G:G,Calendar!B:B),IF(AND(B99="Premier League",E99="Highlights"),_xlfn.XLOOKUP(H99,Calendar!O:O,Calendar!N:N,,-1),"")) -> #N/A | AI99: =IF(AND(AH99<>"",E99="Live"),_xlfn.XLOOKUP(_xlfn.TEXTJOIN(" vs ",,C99:D99),Calendar!G:G,Calendar!K:K),"") -> #N/A | AJ99: =IF(AND(K99<>"Match of the Day",K99<>"Match of the Day 2",K99<>"Match of the Day Repeat"),"",1+MAX($AJ$10:AJ98))
A100: OVN | B100: Premier League | C100: Leeds United | D100: Newcastle United | E100: Live | F100: 0.72916667 | H100: 45899 | I100: 2025/26 | J100: Sat | K100: Whistle-to-Whistle | L100: Sky Sports Main Event | M100: Sky Sports | N100: 0.72986111 | O100: 0.81111111 | P100: =O100-N100 -> 0.08125 | Q100: 1446.9 | R100: 2.3 | S100: 14.2 | T100: 1680 | U100: 171.6 | V100: 2.3 | W100: 47.5 | X100: 243.3 | Y100: 1343.1 | Z100: 2.5 | AA100: 13.7 | AB100: 1579.5 | AH100: =IF(AND(B100="Premier League",E100="Live"),_xlfn.XLOOKUP(_xlfn.TEXTJOIN(" vs ",,C100:D100),Calendar!G:G,Calendar!B:B),IF(AND(B100="Premier League",E100="Highlights"),_xlfn.XLOOKUP(H100,Calendar!O:O,Calendar!N:N,,-1),"")) -> #N/A | AI100: =IF(AND(AH100<>"",E100="Live"),_xlfn.XLOOKUP(_xlfn.TEXTJOIN(" vs ",,C100:D100),Calendar!G:G,Calendar!K:K),"") -> #N/A | AJ100: =IF(AND(K100<>"Match of the Day",K100<>"Match of the Day 2",K100<>"Match of the Day Repeat"),"",1+MAX($AJ$10:AJ99))
...

Sheet Sheet1

Sheet CDT Audiences
A1: x
A2: x
A3: x
A4: x
A5: x
A6: x
A7: x
A8: x | Q8: All Individuals 4+ (1 Minute) | U8: Men 16-34 (1 Minute) | Y8: Adults 16+ (1 Minute)
A9: Type | B9: Competition | C9: Home Team | D9: Away Team | E9: Type of programme | F9: Time slot | G9: TV Package | H9: Date | I9: Season | J9: Day | K9: Programme Title | L9: Channel | M9: Broadcaster | N9: Start Time | O9: End Time | P9: Duration | Q9: 000's | R9: TVR | S9: Share | T9: Peak | U9: 000's | V9: TVR | W9: Share | X9: Peak | Y9: 000's | Z9: TVR | AA9: Share | AB9: Peak | AC9: OTT Total Audience | AD9: PC/Laptop | AE9: Tablet | AF9: Smart Phone | AG9: Match Type | AH9: Matchweek
A10: CDT | B10: Scottish Premiership | C10: Motherwell | D10: Rangers | E10: Live | F10: 0.72916667 | H10: 45871 | I10: 2025/26 | J10: Sat | K10: Whistle-to-Whistle | L10: Sky Sports Main Event | M10: Sky Sports | N10: 0.72916667 | O10: 0.80694444 | P10: 0.077777778 | Q10: 173.4 | R10: 0.281 | S10: 2.005 | T10: 244.4 | U10: 13.9 | V10: 0.191 | W10: 6.186 | X10: 40.2 | Y10: 171.5 | Z10: 0.325 | AA10: 2.062 | AB10: 238.9 | AH10: =IF(AND(B10="Premier League",E10="Live"),_xlfn.XLOOKUP(_xlfn.TEXTJOIN(" vs ",,C10:D10),Calendar!G:G,Calendar!B:B),IF(AND(B10="Premier League",E10="Highlights"),_xlfn.XLOOKUP(H10,Calendar!O:O,Calendar!N:N,,-1),""))
A11: CDT | B11: Scottish Premiership | C11: Motherwell | D11: Rangers | E11: Live | F11: 0.72916667 | H11: 45871 | I11: 2025/26 | J11: Sat | K11: Whistle-to-Whistle | L11: Sky Sports Football | M11: Sky Sports | N11: 0.72916667 | O11: 0.80694444 | P11: 0.077777778 | Q11: 97.6 | R11: 0.158 | S11: 1.129 | T11: 136.7 | U11: 14.2 | V11: 0.195 | W11: 6.32 | X11: 23.7 | Y11: 96 | Z11: 0.182 | AA11: 1.154 | AB11: 134.9 | AH11: =IF(AND(B11="Premier League",E11="Live"),_xlfn.XLOOKUP(_xlfn.TEXTJOIN(" vs ",,C11:D11),Calendar!G:G,Calendar!B:B),IF(AND(B11="Premier League",E11="Highlights"),_xlfn.XLOOKUP(H11,Calendar!O:O,Calendar!N:N,,-1),""))
A12: CDT | B12: Sky Bet League One | C12: Stockport County | D12: Bolton Wanderers | E12: Live | F12: 0.5 | H12: 45872 | I12: 2025/26 | J12: Sun | K12: Whistle-to-Whistle | L12: Sky Sports Football | M12: Sky Sports | N12: 0.5 | O12: 0.53333333 | P12: 0.033333333 | Q12: 98.6 | R12: 0.16 | S12: 1.905 | T12: 120.8 | U12: 13.5 | V12: 0.186 | W12: 8.113 | X12: 15.3 | Y12: 89.3 | Z12: 0.169 | AA12: 1.778 | AB12: 111.5 | AH12: =IF(AND(B12="Premier League",E12="Live"),_xlfn.XLOOKUP(_xlfn.TEXTJOIN(" vs ",,C12:D12),Calendar!G:G,Calendar!B:B),IF(AND(B12="Premier League",E12="Highlights"),_xlfn.XLOOKUP(H12,Calendar!O:O,Calendar!N:N,,-1),""))
A13: CDT | B13: Scottish Premiership | C13: Falkirk | D13: Dundee United | E13: Live | F13: 0.58333333 | H13: 45872 | I13: 2025/26 | J13: Sun | K13: Whistle-to-Whistle | L13: Sky Sports Football | M13: Sky Sports | N13: 0.58333333 | O13: 0.6625 | P13: 0.079166667 | Q13: 82.7 | R13: 0.134 | S13: 1.185 | T13: 160 | U13: 10.9 | V13: 0.15 | W13: 4.115 | X13: 19.2 | Y13: 82 | Z13: 0.156 | AA13: 1.213 | AB13: 156.8 | AH13: =IF(AND(B13="Premier League",E13="Live"),_xlfn.XLOOKUP(_xlfn.TEXTJOIN(" vs ",,C13:D13),Calendar!G:G,Calendar!B:B),IF(AND(B13="Premier League",E13="Highlights"),_xlfn.XLOOKUP(H13,Calendar!O:O,Calendar!N:N,,-1),""))
A14: CDT | B14: Scottish Premiership | C14: Celtic | D14: St Mirren | E14: Live | F14: 0.6875 | H14: 45872 | I14: 2025/26 | J14: Sun | K14: Whistle-to-Whistle | L14: Sky Sports Main Event | M14: Sky Sports | N14: 0.68958333 | O14: 0.76875 | P14: 0.079166667 | Q14: 115.3 | R14: 0.187 | S14: 1.327 | T14: 193 | U14: 13.2 | V14: 0.182 | W14: 6.134 | X14: 23.8 | Y14: 113 | Z14: 0.214 | AA14: 1.338 | AB14: 187.5 | AH14: =IF(AND(B14="Premier League",E14="Live"),_xlfn.XLOOKUP(_xlfn.TEXTJOIN(" vs ",,C14:D14),Calendar!G:G,Calendar!B:B),IF(AND(B14="Premier League",E14="Highlights"),_xlfn.XLOOKUP(H14,Calendar!O:O,Calendar!N:N,,-1),""))
A15: CDT | B15: Scottish Premiership | C15: Celtic | D15: St Mirren | E15: Live | F15: 0.6875 | H15: 45872 | I15: 2025/26 | J15: Sun | K15: Whistle-to-Whistle | L15: Sky Sports Football | M15: Sky Sports | N15: 0.68958333 | O15: 0.76875 | P15: 0.079166667 | Q15: 138 | R15: 0.223 | S15: 1.588 | T15: 201.6 | U15: 1.8 | V15: 0.025 | W15: 0.836 | X15: 26.3 | Y15: 136.5 | Z15: 0.259 | AA15: 1.616 | AB15: 201.6 | AH15: =IF(AND(B15="Premier League",E15="Live"),_xlfn.XLOOKUP(_xlfn.TEXTJOIN(" vs ",,C15:D15),Calendar!G:G,Calendar!B:B),IF(AND(B15="Premier League",E15="Highlights"),_xlfn.XLOOKUP(H15,Calendar!O:O,Calendar!N:N,,-1),""))
A16: CDT | B16: Scottish Premiership | C16: Hearts | D16: Aberdeen | E16: Live | F16: 0.83333333 | H16: 45873 | I16: 2025/26 | J16: Mon | K16: Whistle-to-Whistle | L16: Sky Sports Main Event | M16: Sky Sports | N16: 0.83333333 | O16: 0.91319444 | P16: 0.079861111 | Q16: 102 | R16: 0.165 | S16: 0.788 | T16: 159.9 | U16: 6 | V16: 0.083 | W16: 2.021 | X16: 17.5 | Y16: 98.8 | Z16: 0.187 | AA16: 0.779 | AB16: 157.8 | AH16: =IF(AND(B16="Premier League",E16="Live"),_xlfn.XLOOKUP(_xlfn.TEXTJOIN(" vs ",,C16:D16),Calendar!G:G,Calendar!B:B),IF(AND(B16="Premier League",E16="Highlights"),_xlfn.XLOOKUP(H16,Calendar!O:O,Calendar!N:N,,-1),""))
A17: CDT | B17: Scottish Premiership | C17: Hearts | D17: Aberdeen | E17: Live | F17: 0.83333333 | H17: 45873 | I17: 2025/26 | J17: Mon | K17: Whistle-to-Whistle | L17: Sky Sports Football | M17: Sky Sports | N17: 0.83333333 | O17: 0.91319444 | P17: 0.079861111 | Q17: 90.5 | R17: 0.147 | S17: 0.699 | T17: 115.4 | U17: 0.1 | V17: 0.001 | W17: 0.034 | X17: 2.8 | Y17: 89.1 | Z17: 0.169 | AA17: 0.703 | AB17: 112.1 | AH17: =IF(AND(B17="Premier League",E17="Live"),_xlfn.XLOOKUP(_xlfn.TEXTJOIN(" vs ",,C17:D17),Calendar!G:G,Calendar!B:B),IF(AND(B17="Premier League",E17="Highlights"),_xlfn.XLOOKUP(H17,Calendar!O:O,Calendar!N:N,,-1),""))
A18: CDT | B18: Carabao Cup | C18: Accrington Stanley | D18: Oldham Athletic | E18: Live | F18: 0.82291667 | H18: 45874 | I18: 2025/26 | J18: Tue | K18: Whistle-to-Whistle | L18: Sky Sports Plus | M18: Sky Sports | N18: 0.82291667 | O18: 0.90277778 | P18: 0.079861111 | Q18: 50.2 | R18: 0.081 | S18: 0.435 | T18: 99.3 | U18: 7.6 | V18: 0.105 | W18: 2.889 | X18: 24.5 | Y18: 50 | Z18: 0.095 | AA18: 0.445 | AB18: 99.3 | AH18: =IF(AND(B18="Premier League",E18="Live"),_xlfn.XLOOKUP(_xlfn.TEXTJOIN(" vs ",,C18:D18),Calendar!G:G,Calendar!B:B),IF(AND(B18="Premier League",E18="Highlights"),_xlfn.XLOOKUP(H18,Calendar!O:O,Calendar!N:N,,-1),""))
A19: CDT | B19: UEFA Champions League | C19: Rangers | D19: Viktoria-plzen | E19: Live | F19: 0.82291667 | H19: 45874 | I19: 2025/26 | J19: Tue | K19: Whistle-to-Whistle | L19: BBC Scotland | M19: BBC | N19: 0.82291667 | O19: 0.90138889 | P19: 0.078472222 | Q19: 331.9 | R19: 0.537 | S19: 2.879 | T19: 389.1 | U19: 14.3 | V19: 0.197 | W19: 5.435 | X19: 20.9 | Y19: 305.2 | Z19: 0.579 | AA19: 2.722 | AB19: 363.9 | AH19: =IF(AND(B19="Premier League",E19="Live"),_xlfn.XLOOKUP(_xlfn.TEXTJOIN(" vs ",,C19:D19),Calendar!G:G,Calendar!B:B),IF(AND(B19="Premier League",E19="Highlights"),_xlfn.XLOOKUP(H19,Calendar!O:O,Calendar!N:N,,-1),""))
A20: CDT | B20: Sky Bet League One | C20: Port Vale | D20: Cardiff City | E20: Live | F20: 0.83333333 | H20: 45876 | I20: 2025/26 | J20: Thu | K20: Whistle-to-Whistle | L20: Sky Sports Football | M20: Sky Sports | N20: 0.83333333 | O20: 0.91319444 | P20: 0.079861111 | Q20: 55.2 | R20: 0.1 | S20: 0.5453 | T20: 88 | U20: 5.2 | V20: 0.1 | W20: 2.8047 | X20: 11.7 | Y20: 50.8 | Z20: 0.1 | AA20: 0.5153 | AB20: 84.2 | AH20: =IF(AND(B20="Premier League",E20="Live"),_xlfn.XLOOKUP(_xlfn.TEXTJOIN(" vs ",,C20:D20),Calendar!G:G,Calendar!B:B),IF(AND(B20="Premier League",E20="Highlights"),_xlfn.XLOOKUP(H20,Calendar!O:O,Calendar!N:N,,-1),""))
A21: CDT | B21: UEFA Europa Conference League | C21: Rapid Vienna | D21: Dundee United | E21: Live | F21: 0.83333333 | H21: 45876 | I21: 2025/26 | J21: Thu | K21: Whistle-to-Whistle | L21: BBC Scotland | M21: BBC | N21: 0.83333333 | O21: 0.91666667 | P21: 0.083333333 | Q21: 171.6 | R21: 0.3 | S21: 1.6997 | T21: 232.5 | U21: 8.4 | V21: 0.1 | W21: 4.5064 | X21: 16.6 | Y21: 167.3 | Z21: 0.3 | AA21: 1.7013 | AB21: 228.9 | AH21: =IF(AND(B21="Premier League",E21="Live"),_xlfn.XLOOKUP(_xlfn.TEXTJOIN(" vs ",,C21:D21),Calendar!G:G,Calendar!B:B),IF(AND(B21="Premier League",E21="Highlights"),_xlfn.XLOOKUP(H21,Calendar!O:O,Calendar!N:N,,-1),""))
... A53: CDT | B53: Premier League | C53: Wolverhampton Wanderers | D53: Manchester City | E53: Live | F53: 0.72916667 | H53: 45885 | I53: 2025/26 | J53: Sat | K53: Whistle-to-Whistle | L53: Sky Sports Premier League | M53: Sky Sports | N53: 0.72916667 | O53: 0.8125 | P53: 0.083333333 | Q53: 475.2 | R53: 0.77 | S53: 5.2799 | T53: 624.9 | U53: 76.5 | V53: 1.052 | W53: 21.8571 | X53: 116.2 | Y53: 443.2 | Z53: 0.841 | AA53: 5.0687 | AB53: 569.5 | AH53: =IF(AND(B53="Premier League",E53="Live"),_xlfn.XLOOKUP(_xlfn.TEXTJOIN(" vs ",,C53:D53),Calendar!G:G,Calendar!B:B),IF(AND(B53="Premier League",E53="Highlights"),_xlfn.XLOOKUP(H53,Calendar!O:O,Calendar!N:N,,-1),"")) -> #N/A
A54: CDT | B54: Scottish League Cup | C54: Rangers | D54: Alloa Athletic | E54: Live | F54: 0.73958333 | H54: 45885 | I54: 2025/26 | J54: Sat | K54: Whistle-to-Whistle | L54: Premier Sports 1 | M54: Premier Sports | N54: 0.74027778 | O54: 0.81666667 | P54: 0.076388889 | Q54: 46 | R54: 0.074 | S54: 0.4999 | T54: 65.3 | U54: 0 | V54: 0 | W54: 0 | X54: - | Y54: 44.7 | Z54: 0.085 | AA54: 0.5004 | AB54: 61.2 | AH54: =IF(AND(B54="Premier League",E54="Live"),_xlfn.XLOOKUP(_xlfn.TEXTJOIN(" vs ",,C54:D54),Calendar!G:G,Calendar!B:B),IF(AND(B54="Premier League",E54="Highlights"),_xlfn.XLOOKUP(H54,Calendar!O:O,Calendar!N:N,,-1),""))
A55: CDT | B55: Premier League | C55: Tottenham Hotspur | D55: Burnley | E55: Near Live | F55: 0.85416667 | H55: 45885 | I55: 2024/25 | J55: Sat | K55: Whistle-to-Whistle | L55: Sky Sports Premier League | M55: Sky Sports | N55: 0.86111111 | O55: 0.93402778 | P55: 0.072916667 | Q55: 63.4 | R55: 0.103 | S55: 0.6123 | T55: 117.5 | U55: 0 | V55: 0 | W55: 0 | X55: - | Y55: 63.1 | Z55: 0.12 | AA55: 0.6229 | AB55: 111.8 | AH55: =IF(AND(B55="Premier League",E55="Live"),_xlfn.XLOOKUP(_xlfn.TEXTJOIN(" vs ",,C55:D55),Calendar!G:G,Calendar!B:B),IF(AND(B55="Premier League",E55="Highlights"),_xlfn.XLOOKUP(H55,Calendar!O:O,Calendar!N:N,,-1),""))
A56: CDT | B56: Premier League | E56: Highlights | F56: 0.9375 | H56: 45885 | I56: 2025/26 | J56: Sat | K56: Match Of The Day | L56: BBC 1 | M56: BBC | N56: 0.93194444 | O56: 0.98744213 | P56: 0.054965278 | Q56: 2605.8 | R56: 4.22 | S56: 35.2984 | T56: 3309.6 | U56: 207.1 | V56: 2.849 | W56: 61.6186 | X56: 277.5 | Y56: 2495.5 | Z56: 4.734 | AA56: 34.6496 | AB56: 3116.6 | AH56: =IF(AND(B56="Premier League",E56="Live"),_xlfn.XLOOKUP(_xlfn.TEXTJOIN(" vs ",,C56:D56),Calendar!G:G,Calendar!B:B),IF(AND(B56="Premier League",E56="Highlights"),_xlfn.XLOOKUP(H56,Calendar!O:O,Calendar!N:N,,-1),"")) -> Matchweek 01
A57: CDT | B57: Sky Bet Championship | C57: Ipswich Town | D57: Southampton | E57: Live | F57: 0.5 | H57: 45886 | I57: 2025/26 | J57: Sun | K57: Whistle-to-Whistle | L57: Sky Sports Main Event | M57: Sky Sports | N57: 0.50069444 | O57: 0.53402778 | P57: 0.033333333 | Q57: 313.04035 | R57: 0.50692105 | S57: 6.4710184 | T57: 494.4 | U57: 35.412281 | V57: 0.48719298 | W57: 30.474951 | X57: 98.4 | Y57: 291.49561 | Z57: 0.55299123 | AA57: 6.1910991 | AB57: 454.7 | AH57: =IF(AND(B57="Premier League",E57="Live"),_xlfn.XLOOKUP(_xlfn.TEXTJOIN(" vs ",,C57:D57),Calendar!G:G,Calendar!B:B),IF(AND(B57="Premier League",E57="Highlights"),_xlfn.XLOOKUP(H57,Calendar!O:O,Calendar!N:N,,-1),""))
A58: CDT | B58: Sky Bet Championship | C58: Ipswich Town | D58: Southampton | E58: Live | F58: 0.5 | H58: 45886 | I58: 2025/26 | J58: Sun | K58: Whistle-to-Whistle | L58: Sky Sports Football | M58: Sky Sports | N58: 0.50069444 | O58: 0.57986111 | P58: 0.079166667 | Q58: 209.5 | R58: 0.339 | S58: 4.3103 | T58: 483.6 | U58: 24.9 | V58: 0.343 | W58: 18.5406 | X58: 52 | Y58: 199.1 | Z58: 0.378 | AA58: 4.2103 | AB58: 452.2 | AH58: =IF(AND(B58="Premier League",E58="Live"),_xlfn.XLOOKUP(_xlfn.TEXTJOIN(" vs ",,C58:D58),Calendar!G:G,Calendar!B:B),IF(AND(B58="Premier League",E58="Highlights"),_xlfn.XLOOKUP(H58,Calendar!O:O,Calendar!N:N,,-1),""))
A59: CDT | B59: Premier League | C59: Chelsea | D59: Crystal Palace | E59: Live | F59: 0.58333333 | H59: 45886 | I59: 2025/26 | J59: Sun | K59: Whistle-to-Whistle | L59: Sky Sports Main Event | M59: Sky Sports | N59: 0.58402778 | O59: 0.66527778 | P59: 0.08125 | Q59: 1255.5 | R59: 2.033 | S59: 21.3655 | T59: 1710.9 | U59: 220.1 | V59: 3.028 | W59: 63.4294 | X59: 302 | Y59: 1204.3 | Z59: 2.285 | AA59: 21.286 | AB59: 1645.4 | AH59: =IF(AND(B59="Premier League",E59="Live"),_xlfn.XLOOKUP(_xlfn.TEXTJOIN(" vs ",,C59:D59),Calendar!G:G,Calendar!B:B),IF(AND(B59="Premier League",E59="Highlights"),_xlfn.XLOOKUP(H59,Calendar!O:O,Calendar!N:N,,-1),"")) -> #N/A
A60: CDT | B60: Premier League | C60: Nottingham Forest | D60: Brentford | E60: Live | F60: 0.58333333 | H60: 45886 | I60: 2025/26 | J60: Sun | K60: Whistle-to-Whistle | L60: Sky Sports Premier League | M60: Sky Sports | N60: 0.58333333 | O60: 0.66388889 | P60: 0.080555556 | Q60: 291.6 | R60: 0.472 | S60: 4.9689 | T60: 372.1 | U60: 45.6 | V60: 0.627 | W60: 13.2021 | X60: 67.5 | Y60: 263.5 | Z60: 0.5 | AA60: 4.664 | AB60: 341.3 | AH60: =IF(AND(B60="Premier League",E60="Live"),_xlfn.XLOOKUP(_xlfn.TEXTJOIN(" vs ",,C60:D60),Calendar!G:G,Calendar!B:B),IF(AND(B60="Premier League",E60="Highlights"),_xlfn.XLOOKUP(H60,Calendar!O:O,Calendar!N:N,,-1),"")) -> #N/A
A61: CDT | B61: Premier League | C61: Manchester United | D61: Arsenal | E61: Live | F61: 0.6875 | H61: 45886 | I61: 2025/26 | J61: Sun | K61: Whistle-to-Whistle | L61: Sky Sports Main Event | M61: Sky Sports | N61: 0.68819444 | O61: 0.76597222 | P61: 0.077777778 | Q61: 1986.1 | R61: 3.216 | S61: 22.4304 | T61: 2311.7 | U61: 294.4 | V61: 4.05 | W61: 60.1799 | X61: 334.2 | Y61: 1912.8 | Z61: 3.629 | AA61: 22.3779 | AB61: 2227.6 | AH61: =IF(AND(B61="Premier League",E61="Live"),_xlfn.XLOOKUP(_xlfn.TEXTJOIN(" vs ",,C61:D61),Calendar!G:G,Calendar!B:B),IF(AND(B61="Premier League",E61="Highlights"),_xlfn.XLOOKUP(H61,Calendar!O:O,Calendar!N:N,,-1),"")) -> #N/A
A62: CDT | B62: Premier League | C62: Manchester United | D62: Arsenal | E62: Live | F62: 0.6875 | H62: 45886 | I62: 2025/26 | J62: Sun | K62: Whistle-to-Whistle | L62: Sky Sports Premier League | M62: Sky Sports | N62: 0.68819444 | O62: 0.76597222 | P62: 0.077777778 | Q62: 887.8 | R62: 1.438 | S62: 10.0265 | T62: 1044.1 | U62: 113.2 | V62: 1.557 | W62: 23.1398 | X62: 145.7 | Y62: 847.3 | Z62: 1.607 | AA62: 9.9126 | AB62: 996.1 | AH62: =IF(AND(B62="Premier League",E62="Live"),_xlfn.XLOOKUP(_xlfn.TEXTJOIN(" vs ",,C62:D62),Calendar!G:G,Calendar!B:B),IF(AND(B62="Premier League",E62="Highlights"),_xlfn.XLOOKUP(H62,Calendar!O:O,Calendar!N:N,,-1),"")) -> #N/A
A63: CDT | B63: Premier League | E63: Highlights | F63: 0.36111111 | H63: 45886 | I63: 2025/26 | J63: Sun | K63: Match Of The Day Repeat | L63: BBC 1 | M63: BBC | N63: 0.36111111 | O63: 0.41636574 | P63: 0.054965278 | Q63: 852.4 | R63: 1.38 | S63: 21.8946 | T63: 1166 | U63: 35 | V63: 0.481 | W63: 34.7913 | X63: 58.9 | Y63: 827.9 | Z63: 1.571 | AA63: 22.0779 | AB63: 1146.4 | AH63: =IF(AND(B63="Premier League",E63="Live"),_xlfn.XLOOKUP(_xlfn.TEXTJOIN(" vs ",,C63:D63),Calendar!G:G,Calendar!B:B),IF(AND(B63="Premier League",E63="Highlights"),_xlfn.XLOOKUP(H63,Calendar!O:O,Calendar!N:N,,-1),"")) -> Matchweek 01
A64: CDT | B64: Premier League | E64: Highlights | F64: 0.9375 | H64: 45886 | I64: 2025/26 | J64: Sun | K64: Match Of The Day | L64: BBC 1 | M64: BBC | N64: 0.93819444 | O64: 0.97944444 | P64: 0.041030093 | Q64: 1777.7 | R64: 2.879 | S64: 27.0443 | T64: 2383.6 | U64: 103.8 | V64: 1.428 | W64: 44.7993 | X64: 144.3 | Y64: 1695.2 | Z64: 3.216 | AA64: 26.3189 | AB64: 2266.2 | AH64: =IF(AND(B64="Premier League",E64="Live"),_xlfn.XLOOKUP(_xlfn.TEXTJOIN(" vs ",,C64:D64),Calendar!G:G,Calendar!B:B),IF(AND(B64="Premier League",E64="Highlights"),_xlfn.XLOOKUP(H64,Calendar!O:O,Calendar!N:N,,-1),"")) -> Matchweek 01
A65: CDT | B65: Premier League | C65: Leeds United | D65: Everton | E65: Live | F65: 0.83333333 | H65: 45887 | I65: 2025/26 | J65: Mon | K65: Whistle-to-Whistle | L65: Sky Sports Main Event | M65: Sky Sports | N65: 0.83472222 | O65: 0.91458333 | P65: 0.079861111 | Q65: 1118.3 | R65: 1.811 | S65: 8.1947 | T65: 1305.6 | U65: 143.3 | V65: 1.971 | W65: 32.9653 | X65: 172.4 | Y65: 1075 | Z65: 2.039 | AA65: 8.0599 | AB65: 1252.7 | AH65: =IF(AND(B65="Premier League",E65="Live"),_xlfn.XLOOKUP(_xlfn.TEXTJOIN(" vs ",,C65:D65),Calendar!G:G,Calendar!B:B),IF(AND(B65="Premier League",E65="Highlights"),_xlfn.XLOOKUP(H65,Calendar!O:O,Calendar!N:N,,-1),"")) -> #N/A
A66: CDT | B66: Premier League | C66: Leeds United | D66: Everton | E66: Live | F66: 0.83333333 | H66: 45887 | I66: 2025/26 | J66: Mon | K66: Whistle-to-Whistle | L66: Sky Sports Premier League | M66: Sky Sports | N66: 0.83472222 | O66: 0.91458333 | P66: 0.079861111 | Q66: 599.5 | R66: 0.971 | S66: 4.393 | T66: 666.8 | U66: 96.2 | V66: 1.323 | W66: 22.1302 | X66: 118.6 | Y66: 585.9 | Z66: 1.112 | AA66: 4.3928 | AB66: 651.4 | AH66: =IF(AND(B66="Premier League",E66="Live"),_xlfn.XLOOKUP(_xlfn.TEXTJOIN(" vs ",,C66:D66),Calendar!G:G,Calendar!B:B),IF(AND(B66="Premier League",E66="Highlights"),_xlfn.XLOOKUP(H66,Calendar!O:O,Calendar!N:N,,-1),"")) -> #N/A
A67: CDT | B67: Premier League | E67: Highlights | F67: 0.33333333 | H67: 45887 | I67: 2025/26 | J67: Sun | K67: Match Of The Day Repeat | L67: BBC 2 | M67: BBC | N67: 0.33333333 | O67: 0.37449074 | P67: 0.041018519 | Q67: 112.6 | R67: 0.182 | S67: 3.0244 | T67: 157.6 | U67: 6.6 | V67: 0.091 | W67: 8.2603 | X67: 12.8 | Y67: 103.2 | Z67: 0.196 | AA67: 2.9395 | AB67: 141.7 | AH67: =IF(AND(B67="Premier League",E67="Live"),_xlfn.XLOOKUP(_xlfn.TEXTJOIN(" vs ",,C67:D67),Calendar!G:G,Calendar!B:B),IF(AND(B67="Premier League",E67="Highlights"),_xlfn.XLOOKUP(H67,Calendar!O:O,Calendar!N:N,,-1),"")) -> Matchweek 01
A68: CDT | B68: Sky Bet League One | C68: AFC Wimbledon | D68: Cardiff City | E68: Live | F68: 0.82291667 | H68: 45888 | I68: 2025/26 | J68: Tue | K68: Whistle-to-Whistle | L68: Sky Sports+ | M68: Sky Sports | N68: 0.82361111 | O68: 0.90486111 | P68: =O68-N68 -> 0.08125 | Q68: 36.4 | R68: 0.059 | S68: 0.308 | T68: 63.7 | U68: 0.5 | V68: 0.007 | W68: 0.239 | X68: 5.6 | Y68: 34.1 | Z68: 0.065 | AA68: 0.297 | AB68: 59.9 | AH68: =IF(AND(B68="Premier League",E68="Live"),_xlfn.XLOOKUP(_xlfn.TEXTJOIN(" vs ",,C68:D68),Calendar!G:G,Calendar!B:B),IF(AND(B68="Premier League",E68="Highlights"),_xlfn.XLOOKUP(H68,Calendar!O:O,Calendar!N:N,,-1),""))
A69: CDT | B69: Sky Bet League Two | C69: Walsall | D69: Grimsby Town | E69: Live | F69: 0.83333333 | H69: 45888 | I69: 2025/26 | J69: Tue | K69: Whistle-to-Whistle | L69: Sky Sports Football | M69: Sky Sports | N69: 0.83333333 | O69: 0.91805556 | P69: =O69-N69 -> 0.084722222 | Q69: 34.5 | R69: 0.056 | S69: 0.288 | T69: 60.4 | U69: 1.4 | V69: 0.019 | W69: 0.663 | X69: 8.3 | Y69: 34.3 | Z69: 0.065 | AA69: 0.294 | AB69: 60.4 | AH69: =IF(AND(B69="Premier League",E69="Live"),_xlfn.XLOOKUP(_xlfn.TEXTJOIN(" vs ",,C69:D69),Calendar!G:G,Calendar!B:B),IF(AND(B69="Premier League",E69="Highlights"),_xlfn.XLOOKUP(H69,Calendar!O:O,Calendar!N:N,,-1),""))
A70: CDT | B70: UEFA Champions League | C70: Ferencvárosi TC | D70: Qarabağ FK | E70: Live | F70: 0.83333333 | H70: 45888 | I70: 2025/26 | J70: Tue | K70: Whistle-to-Whistle | L70: TNT Sports 1 | M70: TNT Sports | N70: 0.83402778 | O70: 0.91319444 | P70: =O70-N70 -> 0.079166667 | Q70: 7.2 | R70: 0.012 | S70: 0.06 | T70: 32.3 | U70: 0.1 | V70: 0.001 | W70: 0.047 | X70: 4.7 | Y70: 7.2 | Z70: 0.014 | AA70: 0.062 | AB70: 32.3 | AH70: =IF(AND(B70="Premier League",E70="Live"),_xlfn.XLOOKUP(_xlfn.TEXTJOIN(" vs ",,C70:D70),Calendar!G:G,Calendar!B:B),IF(AND(B70="Premier League",E70="Highlights"),_xlfn.XLOOKUP(H70,Calendar!O:O,Calendar!N:N,,-1),""))
A71: CDT | B71: UEFA Champions League | C71: FK Crvena zvezda | D71: Pafos FC | E71: Live | F71: 0.83333333 | H71: 45888 | I71: 2025/26 | J71: Tue | K71: Whistle-to-Whistle | L71: TNT Sports 2 | M71: TNT Sports | N71: 0.83472222 | O71: 0.91666667 | P71: =O71-N71 -> 0.081944444 | Q71: 4 | R71: 0.006 | S71: 0.033 | T71: 14 | U71: 0 | V71: 0 | W71: 0 | X71: - | Y71: 4 | Z71: 0.008 | AA71: 0.034 | AB71: 14 | AH71: =IF(AND(B71="Premier League",E71="Live"),_xlfn.XLOOKUP(_xlfn.TEXTJOIN(" vs ",,C71:D71),Calendar!G:G,Calendar!B:B),IF(AND(B71="Premier League",E71="Highlights"),_xlfn.XLOOKUP(H71,Calendar!O:O,Calendar!N:N,,-1),""))
A72: CDT | B72: Sky Bet League One | C72: Bolton Wanderers | D72: Reading | E72: Live | F72: 0.83333333 | H72: 45889 | I72: 2025/26 | J72: Wed | K72: Whistle-to-Whistle | L72: Sky Sports Football | M72: Sky Sports | N72: 0.83333333 | O72: 0.91180556 | P72: =O72-N72 -> 0.078472222 | Q72: 137.7 | R72: 0.223 | S72: 1.062 | T72: 200 | U72: 3.1 | V72: 0.043 | W72: 1.048 | X72: 28.2 | Y72: 136.9 | Z72: 0.26 | AA72: 1.087 | AB72: 200 | AH72: =IF(AND(B72="Premier League",E72="Live"),_xlfn.XLOOKUP(_xlfn.TEXTJOIN(" vs ",,C72:D72),Calendar!G:G,Calendar!B:B),IF(AND(B72="Premier League",E72="Highlights"),_xlfn.XLOOKUP(H72,Calendar!O:O,Calendar!N:N,,-1),""))
A73: CDT | B73: UEFA Champions League | C73: FC Basel | D73: Kobenhavn | E73: Live | F73: 0.83333333 | H73: 45889 | I73: 2025/26 | J73: Wed | K73: Whistle-to-Whistle | L73: TNT Sports 3 | M73: TNT Sports | N73: 0.83402778 | O73: 0.9125 | P73: =O73-N73 -> 0.078472222 | Q73: 5 | R73: 0.008 | S73: 0.039 | T73: 41.7 | U73: 0 | V73: 0 | W73: 0 | X73: 1.3 | Y73: 5 | Z73: 0.009 | AA73: 0.04 | AB73: 41.7 | AH73: =IF(AND(B73="Premier League",E73="Live"),_xlfn.XLOOKUP(_xlfn.TEXTJOIN(" vs ",,C73:D73),Calendar!G:G,Calendar!B:B),IF(AND(B73="Premier League",E73="Highlights"),_xlfn.XLOOKUP(H73,Calendar!O:O,Calendar!N:N,,-1),""))
A74: CDT | B74: UEFA Champions League | C74: Celtic | D74: Kairat | E74: Live | F74: 0.83333333 | H74: 45889 | I74: 2025/26 | J74: Wed | K74: Whistle-to-Whistle | L74: TNT Sports 1 | M74: TNT Sports | N74: 0.83333333 | O74: 0.91597222 | P74: =O74-N74 -> 0.082638889 | Q74: 264.4 | R74: 0.428 | S74: 2.039 | T74: 338.4 | U74: 15.4 | V74: 0.212 | W74: 5.182 | X74: 29.6 | Y74: 263.9 | Z74: 0.501 | AA74: 2.096 | AB74: 336.3 | AH74: =IF(AND(B74="Premier League",E74="Live"),_xlfn.XLOOKUP(_xlfn.TEXTJOIN(" vs ",,C74:D74),Calendar!G:G,Calendar!B:B),IF(AND(B74="Premier League",E74="Highlights"),_xlfn.XLOOKUP(H74,Calendar!O:O,Calendar!N:N,,-1),""))
A75: CDT | B75: UEFA Champions League | C75: Fenerbahce | D75: Benfica | E75: Live | F75: 0.83333333 | H75: 45889 | I75: 2025/26 | J75: Wed | K75: Whistle-to-Whistle | L75: TNT Sports 2 | M75: TNT Sports | N75: 0.83333333 | O75: 0.91180556 | P75: =O75-N75 -> 0.078472222 | Q75: 16.2 | R75: 0.026 | S75: 0.125 | T75: 39.1 | U75: 0 | V75: 0 | W75: 0 | X75: - | Y75: 15.9 | Z75: 0.03 | AA75: 0.126 | AB75: 37.1 | AH75: =IF(AND(B75="Premier League",E75="Live"),_xlfn.XLOOKUP(_xlfn.TEXTJOIN(" vs ",,C75:D75),Calendar!G:G,Calendar!B:B),IF(AND(B75="Premier League",E75="Highlights"),_xlfn.XLOOKUP(H75,Calendar!O:O,Calendar!N:N,,-1),""))
A76: CDT | B76: UEFA Conference League | C76: Shelbourne | D76: Linfield | E76: Live | F76: 0.82291667 | H76: 45890 | I76: 2025/26 | J76: Thu | K76: Whistle-to-Whistle | L76: Premier Sports 1 | M76: Premier Sports | N76: 0.82361111 | O76: 0.90347222 | P76: =O76-N76 -> 0.079861111 | Q76: 6.7 | R76: 0.011 | S76: 0.0553 | T76: 26.1 | U76: 0.3 | V76: 0.004 | W76: 0.112 | X76: 6.9 | Y76: 6.7 | Z76: 0.013 | AA76: 0.057 | AB76: 26.1 | AH76: =IF(AND(B76="Premier League",E76="Live"),_xlfn.XLOOKUP(_xlfn.TEXTJOIN(" vs ",,C76:D76),Calendar!G:G,Calendar!B:B),IF(AND(B76="Premier League",E76="Highlights"),_xlfn.XLOOKUP(H76,Calendar!O:O,Calendar!N:N,,-1),""))
A77: CDT | B77: UEFA Europa League | C77: Aberdeen | D77: FCSB | E77: Live | F77: 0.82291667 | H77: 45890 | I77: 2025/26 | J77: Thu | K77: Whistle-to-Whistle | L77: BBC Scotland | M77: BBC | N77: 0.82361111 | O77: 0.90625 | P77: =O77-N77 -> 0.082638889 | Q77: 186.4 | R77: 0.302 | S77: 1.54 | T77: 284.1 | U77: 2.7 | V77: 0.037 | W77: 1.006 | X77: 9.2 | Y77: 174.3 | Z77: 0.331 | AA77: 1.4831 | AB77: 258.9 | AH77: =IF(AND(B77="Premier League",E77="Live"),_xlfn.XLOOKUP(_xlfn.TEXTJOIN(" vs ",,C77:D77),Calendar!G:G,Calendar!B:B),IF(AND(B77="Premier League",E77="Highlights"),_xlfn.XLOOKUP(H77,Calendar!O:O,Calendar!N:N,,-1),""))
A78: CDT | B78: UEFA Conference League | C78: Crystal Palace | D78: Fredrikstad | E78: Live | F78: 0.83333333 | H78: 45890 | I78: 2025/26 | J78: Thu | K78: Whistle-to-Whistle | L78: Channel 5 | M78: Channel | N78: 0.83333333 | O78: 0.90972222 | P78: =O78-N78 -> 0.076388889 | Q78: 747.4 | R78: 1.21 | S78: 6.1527 | T78: 945.3 | U78: 30.8 | V78: 0.424 | W78: 11.5226 | X78: 43.7 | Y78: 707 | Z78: 1.341 | AA78: 5.9962 | AB78: 893.4 | AH78: =IF(AND(B78="Premier League",E78="Live"),_xlfn.XLOOKUP(_xlfn.TEXTJOIN(" vs ",,C78:D78),Calendar!G:G,Calendar!B:B),IF(AND(B78="Premier League",E78="Highlights"),_xlfn.XLOOKUP(H78,Calendar!O:O,Calendar!N:N,,-1),""))
A79: CDT | B79: Scottish Championship | C79: Raith Rovers | D79: Dunfermline | E79: Live | F79: 0.82291667 | H79: 45891 | I79: 2025/26 | J79: Fri | K79: Whistle-to-Whistle | L79: BBC Scotland | M79: BBC | N79: 0.82291667 | O79: 0.90069444 | P79: =O79-N79 -> 0.077777778 | Q79: 84.8 | R79: 0.137 | S79: 0.6713 | T79: 126.5 | U79: 0 | V79: 0 | W79: 0 | X79: - | Y79: 80.5 | Z79: 0.153 | AA79: 0.657 | AB79: 120.7 | AH79: =IF(AND(B79="Premier League",E79="Live"),_xlfn.XLOOKUP(_xlfn.TEXTJOIN(" vs ",,C79:D79),Calendar!G:G,Calendar!B:B),IF(AND(B79="Premier League",E79="Highlights"),_xlfn.XLOOKUP(H79,Calendar!O:O,Calendar!N:N,,-1),""))
A80: CDT | B80: Sky Bet Championship | C80: Derby County | D80: Bristol City | E80: Live | F80: 0.83333333 | H80: 45891 | I80: 2025/26 | J80: Fri | K80: Whistle-to-Whistle | L80: Sky Sports Football | M80: Sky Sports | N80: 0.83333333 | O80: 0.91319444 | P80: =O80-N80 -> 0.079861111 | Q80: 55.7 | R80: 0.09 | S80: 0.4446 | T80: 127.8 | U80: 2.8 | V80: 0.039 | W80: 0.6697 | X80: 11.1 | Y80: 49.5 | Z80: 0.094 | AA80: 0.4073 | AB80: 127.8 | AH80: =IF(AND(B80="Premier League",E80="Live"),_xlfn.XLOOKUP(_xlfn.TEXTJOIN(" vs ",,C80:D80),Calendar!G:G,Calendar!B:B),IF(AND(B80="Premier League",E80="Highlights"),_xlfn.XLOOKUP(H80,Calendar!O:O,Calendar!N:N,,-1),""))
A81: CDT | B81: Premier League | C81: West Ham United | D81: Chelsea | E81: Live | F81: 0.83333333 | H81: 45891 | I81: 2025/26 | J81: Fri | K81: Whistle-to-Whistle | L81: Sky Sports Main Event | M81: Sky Sports | N81: 0.83333333 | O81: 0.91388889 | P81: =O81-N81 -> 0.080555556 | Q81: 826.3 | R81: 1.338 | S81: 6.6002 | T81: 1013.5 | U81: 154.1 | V81: 2.12 | W81: 36.8572 | X81: 196.8 | Y81: 794.8 | Z81: 1.508 | AA81: 6.545 | AB81: 978.4 | AH81: =IF(AND(B81="Premier League",E81="Live"),_xlfn.XLOOKUP(_xlfn.TEXTJOIN(" vs ",,C81:D81),Calendar!G:G,Calendar!B:B),IF(AND(B81="Premier League",E81="Highlights"),_xlfn.XLOOKUP(H81,Calendar!O:O,Calendar!N:N,,-1),"")) -> #N/A
A82: CDT | B82: Premier League | C82: West Ham United | D82: Chelsea | E82: Live | F82: 0.83333333 | H82: 45891 | I82: 2025/26 | J82: Fri | K82: Whistle-to-Whistle | L82: Sky Sports Premier League | M82: Sky Sports | N82: 0.83333333 | O82: 0.91388889 | P82: =O82-N82 -> 0.080555556 | Q82: 588.3 | R82: 0.953 | S82: 4.6991 | T82: 780.4 | U82: 65.1 | V82: 0.896 | W82: 15.5704 | X82: 135.1 | Y82: 557 | Z82: 1.057 | AA82: 4.5867 | AB82: 734.2 | AH82: =IF(AND(B82="Premier League",E82="Live"),_xlfn.XLOOKUP(_xlfn.TEXTJOIN(" vs ",,C82:D82),Calendar!G:G,Calendar!B:B),IF(AND(B82="Premier League",E82="Highlights"),_xlfn.XLOOKUP(H82,Calendar!O:O,Calendar!N:N,,-1),"")) -> #N/A
A83: CDT | B83: Sky Bet Championship | C83: Charlton Athletic | D83: Leicester City | E83: Live | F83: 0.52083333 | H83: 45892 | I83: 2025/26 | J83: Sat | K83: Whistle-to-Whistle | L83: Sky Sports Main Event | M83: Sky Sports | N83: 0.52152778 | O83: 0.60277778 | P83: =O83-N83 -> 0.08125 | Q83: 124.3 | R83: 0.201 | S83: 2.3238 | T83: 159.8 | U83: 9 | V83: 0.124 | W83: 3.5101 | X83: 15.4 | Y83: 117.2 | Z83: 0.222 | AA83: 2.2646 | AB83: 148.9 | AH83: =IF(AND(B83="Premier League",E83="Live"),_xlfn.XLOOKUP(_xlfn.TEXTJOIN(" vs ",,C83:D83),Calendar!G:G,Calendar!B:B),IF(AND(B83="Premier League",E83="Highlights"),_xlfn.XLOOKUP(H83,Calendar!O:O,Calendar!N:N,,-1),""))
A84: CDT | B84: Sky Bet Championship | C84: Charlton Athletic | D84: Leicester City | E84: Live | F84: 0.52083333 | H84: 45892 | I84: 2025/26 | J84: Sat | K84: Whistle-to-Whistle | L84: Sky Sports Football | M84: Sky Sports | N84: 0.52152778 | O84: 0.60277778 | P84: =O84-N84 -> 0.08125 | Q84: 57.7 | R84: 0.093 | S84: 1.0787 | T84: 89.7 | U84: 0.4 | V84: 0.006 | W84: 0.156 | X84: 7.6 | Y84: 56.2 | Z84: 0.107 | AA84: 1.0859 | AB84: 86.6 | AH84: =IF(AND(B84="Premier League",E84="Live"),_xlfn.XLOOKUP(_xlfn.TEXTJOIN(" vs ",,C84:D84),Calendar!G:G,Calendar!B:B),IF(AND(B84="Premier League",E84="Highlights"),_xlfn.XLOOKUP(H84,Calendar!O:O,Calendar!N:N,,-1),""))
A85: CDT | B85: Sky Bet Championship | C85: Hull City | D85: Blackburn Rovers | E85: Live | F85: 0.52083333 | H85: 45892 | I85: 2025/26 | J85: Sat | K85: Whistle-to-Whistle | L85: Sky Sports+ | M85: Sky Sports | N85: 0.52152778 | O85: 0.6 | P85: =O85-N85 -> 0.078472222 | Q85: 28.2 | R85: 0.046 | S85: 0.5276 | T85: 44.2 | U85: 0 | V85: 0 | W85: 0 | X85: - | Y85: 22.7 | Z85: 0.043 | AA85: 0.4389 | AB85: 37.7 | AH85: =IF(AND(B85="Premier League",E85="Live"),_xlfn.XLOOKUP(_xlfn.TEXTJOIN(" vs ",,C85:D85),Calendar!G:G,Calendar!B:B),IF(AND(B85="Premier League",E85="Highlights"),_xlfn.XLOOKUP(H85,Calendar!O:O,Calendar!N:N,,-1),""))
A86: CDT | B86: Premier League | C86: Manchester City | D86: Tottenham Hotspur | E86: Live | F86: 0.52083333 | H86: 45892 | I86: 2025/26 | J86: Sat | K86: Whistle-to-Whistle | L86: TNT Sports 1 | M86: TNT Sports | N86: 0.52222222 | O86: 0.60416667 | P86: =O86-N86 -> 0.081944444 | Q86: 1004.2 | R86: 1.626 | S86: 18.7463 | T86: 1223 | U86: 158.7 | V86: 2.183 | W86: 61.703 | X86: 218 | Y86: 960.2 | Z86: 1.822 | AA86: 18.5274 | AB86: 1163 | AH86: =IF(AND(B86="Premier League",E86="Live"),_xlfn.XLOOKUP(_xlfn.TEXTJOIN(" vs ",,C86:D86),Calendar!G:G,Calendar!B:B),IF(AND(B86="Premier League",E86="Highlights"),_xlfn.XLOOKUP(H86,Calendar!O:O,Calendar!N:N,,-1),"")) -> #N/A
A87: CDT | B87: Premier League | C87: Arsenal | D87: Leeds United | E87: Live | F87: 0.72916667 | H87: 45892 | I87: 2025/26 | J87: Sat | K87: Whistle-to-Whistle | L87: Sky Sports Main Event | M87: Sky Sports | N87: 0.72916667 | O87: 0.80972222 | P87: =O87-N87 -> 0.080555556 | Q87: 965.5 | R87: 1.563 | S87: 10.3304 | T87: 1096.9 | U87: 82.1 | V87: 1.129 | W87: 26.9004 | X87: 110.2 | Y87: 879.5 | Z87: 1.669 | AA87: 9.7848 | AB87: 1016.2 | AH87: =IF(AND(B87="Premier League",E87="Live"),_xlfn.XLOOKUP(_xlfn.TEXTJOIN(" vs ",,C87:D87),Calendar!G:G,Calendar!B:B),IF(AND(B87="Premier League",E87="Highlights"),_xlfn.XLOOKUP(H87,Calendar!O:O,Calendar!N:N,,-1),"")) -> #N/A
A88: CDT | B88: Premier League | C88: Arsenal | D88: Leeds United | E88: Live | F88: 0.72916667 | H88: 45892 | I88: 2025/26 | J88: Sat | K88: Whistle-to-Whistle | L88: Sky Sports Premier League | M88: Sky Sports | N88: 0.72916667 | O88: 0.80972222 | P88: =O88-N88 -> 0.080555556 | Q88: 670.7 | R88: 1.086 | S88: 7.1762 | T88: 756.1 | U88: 101.9 | V88: 1.402 | W88: 33.3879 | X88: 126.7 | Y88: 632.7 | Z88: 1.2 | AA88: 7.0391 | AB88: 713.2 | AH88: =IF(AND(B88="Premier League",E88="Live"),_xlfn.XLOOKUP(_xlfn.TEXTJOIN(" vs ",,C88:D88),Calendar!G:G,Calendar!B:B),IF(AND(B88="Premier League",E88="Highlights"),_xlfn.XLOOKUP(H88,Calendar!O:O,Calendar!N:N,,-1),"")) -> #N/A
A89: CDT | B89: Premier League | C89: Brentford | D89: Aston Villa | E89: Near Live | F89: 0.85416667 | H89: 45892 | I89: 2025/26 | J89: Sat | K89: Whistle-to-Whistle | L89: Sky Sports Premier League | M89: Sky Sports | N89: 0.86666667 | O89: 0.94444444 | P89: =O89-N89 -> 0.077777778 | Q89: 37.2 | R89: 0.06 | S89: 0.3928 | T89: 100.3 | U89: 1.8 | V89: 0.025 | W89: 0.9605 | X89: 5.2 | Y89: 36.7 | Z89: 0.07 | AA89: 0.3977 | AB89: 88 | AH89: =IF(AND(B89="Premier League",E89="Live"),_xlfn.XLOOKUP(_xlfn.TEXTJOIN(" vs ",,C89:D89),Calendar!G:G,Calendar!B:B),IF(AND(B89="Premier League",E89="Highlights"),_xlfn.XLOOKUP(H89,Calendar!O:O,Calendar!N:N,,-1),""))
A90: CDT | B90: Premier League | E90: Highlights | F90: 0.93055556 | H90: 45892 | I90: 2025/26 | J90: Sat | K90: Match Of The Day | L90: BBC 1 | M90: BBC | N90: 0.93055556 | O90: 0.98577546 | P90: 0.054884259 | Q90: 2379.4 | R90: 3.853 | S90: 34.2863 | T90: 3086.2 | U90: 179.8 | V90: 2.474 | W90: 67.9003 | X90: 240.8 | Y90: 2235 | Z90: 4.24 | AA90: 33.3941 | AB90: 2879.1 | AH90: =IF(AND(B90="Premier League",E90="Live"),_xlfn.XLOOKUP(_xlfn.TEXTJOIN(" vs ",,C90:D90),Calendar!G:G,Calendar!B:B),IF(AND(B90="Premier League",E90="Highlights"),_xlfn.XLOOKUP(H90,Calendar!O:O,Calendar!N:N,,-1),"")) -> Matchweek 01
A91: CDT | B91: Scottish Premiership | C91: St Mirren | D91: Rangers | E91: Live | F91: 0.5 | H91: 45893 | I91: 2025/26 | J91: Sun | K91: Whistle-to-Whistle | L91: Sky Sports Football | M91: Sky Sports | N91: 0.5 | O91: 0.57986111 | P91: =O91-N91 -> 0.079861111 | Q91: 196.9 | R91: 0.319 | S91: 4.0717 | T91: 376.5 | U91: 19.8 | V91: 0.272 | W91: 14.2857 | X91: 32.3 | Y91: 193.7 | Z91: 0.367 | AA91: 4.1476 | AB91: 368.8 | AH91: =IF(AND(B91="Premier League",E91="Live"),_xlfn.XLOOKUP(_xlfn.TEXTJOIN(" vs ",,C91:D91),Calendar!G:G,Calendar!B:B),IF(AND(B91="Premier League",E91="Highlights"),_xlfn.XLOOKUP(H91,Calendar!O:O,Calendar!N:N,,-1),""))
A92: CDT | B92: Premier League | C92: Crystal Palace | D92: Nottingham Forest | E92: Live | F92: 0.58333333 | H92: 45893 | I92: 2025/26 | J92: Sun | K92: Whistle-to-Whistle | L92: Sky Sports Premier League | M92: Sky Sports | N92: 0.58402778 | O92: 0.6625 | P92: =O92-N92 -> 0.078472222 | Q92: 480.8 | R92: 0.779 | S92: 8.4818 | T92: 633.3 | U92: 65.7 | V92: 0.904 | W92: 27.2841 | X92: 97.9 | Y92: 447.5 | Z92: 0.849 | AA92: 8.1841 | AB92: 592 | AH92: =IF(AND(B92="Premier League",E92="Live"),_xlfn.XLOOKUP(_xlfn.TEXTJOIN(" vs ",,C92:D92),Calendar!G:G,Calendar!B:B),IF(AND(B92="Premier League",E92="Highlights"),_xlfn.XLOOKUP(H92,Calendar!O:O,Calendar!N:N,,-1),"")) -> #N/A
A93: CDT | B93: Premier League | C93: Everton | D93: Brighton & Hove Albion | E93: Live | F93: 0.58333333 | H93: 45893 | I93: 2025/26 | J93: Sun | K93: Whistle-to-Whistle | L93: Sky Sports Main Event | M93: Sky Sports | N93: 0.58402778 | O93: 0.66388889 | P93: =O93-N93 -> 0.079861111 | Q93: 883.8 | R93: 1.431 | S93: 15.5637 | T93: 1067.7 | U93: 85.3 | V93: 1.173 | W93: 35.2771 | X93: 141.1 | Y93: 854 | Z93: 1.62 | AA93: 15.5916 | AB93: 1030.4 | AH93: =IF(AND(B93="Premier League",E93="Live"),_xlfn.XLOOKUP(_xlfn.TEXTJOIN(" vs ",,C93:D93),Calendar!G:G,Calendar!B:B),IF(AND(B93="Premier League",E93="Highlights"),_xlfn.XLOOKUP(H93,Calendar!O:O,Calendar!N:N,,-1),"")) -> #N/A
A94: CDT | B94: Premier League | C94: Fulham | D94: Manchester United | E94: Live | F94: 0.6875 | H94: 45893 | I94: 2025/26 | J94: Sun | K94: Whistle-to-Whistle | L94: Sky Sports Main Event | M94: Sky Sports | N94: 0.6875 | O94: 0.76597222 | P94: =O94-N94 -> 0.078472222 | Q94: 1437.7 | R94: 2.328 | S94: 17.0108 | T94: 1669 | U94: 184.1 | V94: 2.533 | W94: 43.2058 | X94: 237.2 | Y94: 1370.4 | Z94: 2.6 | AA94: 16.8377 | AB94: 1602.3 | AH94: =IF(AND(B94="Premier League",E94="Live"),_xlfn.XLOOKUP(_xlfn.TEXTJOIN(" vs ",,C94:D94),Calendar!G:G,Calendar!B:B),IF(AND(B94="Premier League",E94="Highlights"),_xlfn.XLOOKUP(H94,Calendar!O:O,Calendar!N:N,,-1),"")) -> #N/A
A95: CDT | B95: Premier League | C95: Fulham | D95: Manchester United | E95: Live | F95: 0.6875 | H95: 45893 | I95: 2025/26 | J95: Sun | K95: Whistle-to-Whistle | L95: Sky Sports Premier League | M95: Sky Sports | N95: 0.6875 | O95: 0.76597222 | P95: =O95-N95 -> 0.078472222 | Q95: 737.9 | R95: 1.195 | S95: 8.7308 | T95: 845.7 | U95: 107.6 | V95: 1.48 | W95: 25.2523 | X95: 145.1 | Y95: 702 | Z95: 1.332 | AA95: 8.6252 | AB95: 806.9 | AH95: =IF(AND(B95="Premier League",E95="Live"),_xlfn.XLOOKUP(_xlfn.TEXTJOIN(" vs ",,C95:D95),Calendar!G:G,Calendar!B:B),IF(AND(B95="Premier League",E95="Highlights"),_xlfn.XLOOKUP(H95,Calendar!O:O,Calendar!N:N,,-1),"")) -> #N/A
A96: CDT | B96: Premier League | E96: Highlights | F96: 0.36111111 | H96: 45893 | I96: 2025/26 | J96: Sun | K96: Match Of The Day Repeat | L96: BBC 1 | M96: BBC | N96: 0.36111111 | O96: 0.41615741 | P96: 0.054895833 | Q96: 865.6 | R96: 1.402 | S96: 22.451 | T96: 1244.4 | U96: 23.5 | V96: 0.323 | W96: 34.7633 | X96: 38.3 | Y96: 841.2 | Z96: 1.596 | AA96: 22.8867 | AB96: 1217.1 | AH96: =IF(AND(B96="Premier League",E96="Live"),_xlfn.XLOOKUP(_xlfn.TEXTJOIN(" vs ",,C96:D96),Calendar!G:G,Calendar!B:B),IF(AND(B96="Premier League",E96="Highlights"),_xlfn.XLOOKUP(H96,Calendar!O:O,Calendar!N:N,,-1),"")) -> Matchweek 01
A97: CDT | B97: Premier League | E97: Highlights | F97: 0.9375 | H97: 45893 | I97: 2025/26 | J97: Sun | K97: Match Of The Day | L97: BBC 1 | M97: BBC | N97: 0.93888889 | O97: 0.98030093 | P97: 0.041030093 | Q97: 1862.7 | R97: 3.016 | S97: 26.3335 | T97: 2302.5 | U97: 121.6 | V97: 1.673 | W97: 46.6974 | X97: 159.6 | Y97: 1803.3 | Z97: 3.421 | AA97: 26.0555 | AB97: 2214.9 | AH97: =IF(AND(B97="Premier League",E97="Live"),_xlfn.XLOOKUP(_xlfn.TEXTJOIN(" vs ",,C97:D97),Calendar!G:G,Calendar!B:B),IF(AND(B97="Premier League",E97="Highlights"),_xlfn.XLOOKUP(H97,Calendar!O:O,Calendar!N:N,,-1),"")) -> Matchweek 01
A98: CDT | B98: Premier League | C98: Newcastle United | D98: Liverpool | E98: Live | F98: 0.83333333 | H98: 45894 | I98: 2025/26 | J98: Mon | K98: Whistle-to-Whistle | L98: Sky Sports Main Event | M98: Sky Sports | N98: 0.83333333 | O98: 0.92013889 | P98: 0.086805556 | Q98: 1653.3 | R98: 2.7 | S98: 10.9 | T98: 1933.9 | U98: 225.6 | V98: 3.1 | W98: 38.9 | X98: 277.6 | Y98: 1596.3 | Z98: 3 | AA98: 10.8 | AB98: 1849.8 | AH98: =IF(AND(B98="Premier League",E98="Live"),_xlfn.XLOOKUP(_xlfn.TEXTJOIN(" vs ",,C98:D98),Calendar!G:G,Calendar!B:B),IF(AND(B98="Premier League",E98="Highlights"),_xlfn.XLOOKUP(H98,Calendar!O:O,Calendar!N:N,,-1),"")) -> #N/A
A99: CDT | B99: Premier League | C99: Newcastle United | D99: Liverpool | E99: Live | F99: 0.83333333 | H99: 45894 | I99: 2025/26 | J99: Mon | K99: Whistle-to-Whistle | L99: Sky Sports Premier League | M99: Sky Sports | N99: 0.83333333 | O99: 0.92013889 | P99: 0.086805556 | Q99: 989.2 | R99: 1.6 | S99: 6.5 | T99: 1159.1 | U99: 154.6 | V99: 2.1 | W99: 26.6 | X99: 198.1 | Y99: 941.5 | Z99: 1.8 | AA99: 6.4 | AB99: 1129.2 | AH99: =IF(AND(B99="Premier League",E99="Live"),_xlfn.XLOOKUP(_xlfn.TEXTJOIN(" vs ",,C99:D99),Calendar!G:G,Calendar!B:B),IF(AND(B99="Premier League",E99="Highlights"),_xlfn.XLOOKUP(H99,Calendar!O:O,Calendar!N:N,,-1),"")) -> #N/A
A100: CDT | B100: Premier League | E100: Highlights | F100: 0.33333333 | H100: 45894 | I100: 2025/26 | J100: Mon | K100: Match Of The Day Repeat | L100: BBC 2 | M100: BBC | N100: 0.33263889 | O100: 0.37427083 | P100: 0.041041667 | Q100: 165.2 | R100: 0.2675 | S100: 4.754 | T100: 231.5 | U100: 14.9 | V100: 0.205 | W100: 20.9564 | X100: 38.6 | Y100: 146.5 | Z100: 0.2779 | AA100: 4.4107 | AB100: 209.3 | AH100: =IF(AND(B100="Premier League",E100="Live"),_xlfn.XLOOKUP(_xlfn.TEXTJOIN(" vs ",,C100:D100),Calendar!G:G,Calendar!B:B),IF(AND(B100="Premier League",E100="Highlights"),_xlfn.XLOOKUP(H100,Calendar!O:O,Calendar!N:N,,-1),"")) -> Matchweek 01
A101: CDT | B101: Carabao Cup | C101: Wolverhampton Wanderers | D101: West Ham United | E101: Live | F101: 0.8125 | H101: 45895 | I101: 2025/26 | J101: Tue | K101: Whistle-to-Whistle | L101: Sky Sports+ | M101: Sky Sports | N101: 0.8125 | O101: 0.89236111 | P101: 0.079861111 | Q101: 250.9 | R101: 0.4 | S101: 1.9773 | T101: 424.8 | U101: 34.3 | V101: 0.5 | W101: 13.2075 | X101: 52.9 | Y101: 239.5 | Z101: 0.5 | AA101: 1.9402 | AB101: 408.6 | AH101: =IF(AND(B101="Premier League",E101="Live"),_xlfn.XLOOKUP(_xlfn.TEXTJOIN(" vs ",,C101:D101),Calendar!G:G,Calendar!B:B),IF(AND(B101="Premier League",E101="Highlights"),_xlfn.XLOOKUP(H101,Calendar!O:O,Calendar!N:N,,-1),""))
A102: CDT | B102: Carabao Cup | C102: Sheffield Wednesday | D102: Leeds United | E102: Live | F102: 0.83333333 | H102: 45895 | I102: 2025/26 | J102: Tue | K102: Whistle-to-Whistle | L102: Sky Sports Football | M102: Sky Sports | N102: 0.83333333 | O102: 0.91805556 | P102: 0.084722222 | Q102: 91.1 | R102: 0.1 | S102: 0.6939 | T102: 212.8 | U102: 9.1 | V102: 0.1 | W102: 3.0233 | X102: 32 | Y102: 89.9 | Z102: 0.2 | AA102: 0.7019 | AB102: 209 | AH102: =IF(AND(B102="Premier League",E102="Live"),_xlfn.XLOOKUP(_xlfn.TEXTJOIN(" vs ",,C102:D102),Calendar!G:G,Calendar!B:B),IF(AND(B102="Premier League",E102="Highlights"),_xlfn.XLOOKUP(H102,Calendar!O:O,Calendar!N:N,,-1),""))
A103: CDT | B103: UEFA Champions League | C103: Pafos | D103: Crvena zvezda | E103: Live | F103: 0.83333333 | H103: 45895 | I103: 2025/26 | J103: Tue | K103: Whistle-to-Whistle | L103: TNT Sports 2 | M103: TNT Sports | N103: 0.83402778 | O103: 0.90972222 | P103: 0.075694444 | Q103: 5.9 | R103: 0 | S103: 0.045 | T103: 28.7 | U103: 0 | V103: 0 | W103: 0 | X103: 4.6 | Y103: 5.9 | Z103: 0 | AA103: 0.0461 | AB103: 28.7 | AH103: =IF(AND(B103="Premier League",E103="Live"),_xlfn.XLOOKUP(_xlfn.TEXTJOIN(" vs ",,C103:D103),Calendar!G:G,Calendar!B:B),IF(AND(B103="Premier League",E103="Highlights"),_xlfn.XLOOKUP(H103,Calendar!O:O,Calendar!N:N,,-1),""))
A104: CDT | B104: UEFA Champions League | C104: FK Qarabag | D104: Ferencvaros | E104: Live | F104: 0.73958333 | H104: 45896 | I104: 2025/26 | J104: Wed | K104: Whistle-to-Whistle | L104: TNT Sports 2 | M104: TNT Sports | N104: 0.74027778 | O104: 0.81944444 | P104: 0.079166667 | Q104: 20 | R104: 0 | S104: 0.2014 | T104: 60.8 | U104: 0 | V104: 0 | W104: 0 | X104: - | Y104: 20 | Z104: 0 | AA104: 0.2059 | AB104: 60.8 | AH104: =IF(AND(B104="Premier League",E104="Live"),_xlfn.XLOOKUP(_xlfn.TEXTJOIN(" vs ",,C104:D104),Calendar!G:G,Calendar!B:B),IF(AND(B104="Premier League",E104="Highlights"),_xlfn.XLOOKUP(H104,Calendar!O:O,Calendar!N:N,,-1),""))
A105: CDT | B105: Carabao Cup | C105: Everton | D105: Mansfield Town | E105: Live | F105: 0.82291667 | H105: 45896 | I105: 2025/26 | J105: Wed | K105: Whistle-to-Whistle | L105: Sky Sports+ | M105: Sky Sports | N105: 0.83333333 | O105: 0.90972222 | P105: 0.076388889 | Q105: 128.2 | R105: 0.2 | S105: 0.9774 | T105: 178.1 | U105: 9.2 | V105: 0.1 | W105: 1.9344 | X105: 13.4 | Y105: 125.6 | Z105: 0.2 | AA105: 0.9851 | AB105: 178.1 | AH105: =IF(AND(B105="Premier League",E105="Live"),_xlfn.XLOOKUP(_xlfn.TEXTJOIN(" vs ",,C105:D105),Calendar!G:G,Calendar!B:B),IF(AND(B105="Premier League",E105="Highlights"),_xlfn.XLOOKUP(H105,Calendar!O:O,Calendar!N:N,,-1),""))
A106: CDT | B106: Carabao Cup | C106: Grimsby Town | D106: Manchester United | E106: Live | F106: 0.83333333 | H106: 45896 | I106: 2025/26 | J106: Wed | K106: Whistle-to-Whistle | L106: ITV 1 | M106: ITV | N106: 0.83333333 | O106: 0.92708333 | P106: 0.09375 | Q106: 2227.1 | R106: 3.6 | S106: 17.0888 | T106: 3465 | U106: 154.4 | V106: 2.1 | W106: 30.9357 | X106: 234.5 | Y106: 2133.4 | Z106: 4 | AA106: 16.8326 | AB106: 3356.5 | AH106: =IF(AND(B106="Premier League",E106="Live"),_xlfn.XLOOKUP(_xlfn.TEXTJOIN(" vs ",,C106:D106),Calendar!G:G,Calendar!B:B),IF(AND(B106="Premier League",E106="Highlights"),_xlfn.XLOOKUP(H106,Calendar!O:O,Calendar!N:N,,-1),""))
A107: CDT | B107: Carabao Cup | C107: Grimsby Town | D107: Manchester United | E107: Live | F107: 0.83333333 | H107: 45896 | I107: 2025/26 | J107: Wed | K107: Whistle-to-Whistle | L107: Sky Sports Football | M107: Sky Sports | N107: 0.83333333 | O107: 0.92708333 | P107: 0.09375 | Q107: 315.4 | R107: 0.5 | S107: 2.4201 | T107: 471.4 | U107: 48.1 | V107: 0.7 | W107: 9.6373 | X107: 78.9 | Y107: 298.9 | Z107: 0.6 | AA107: 2.3583 | AB107: 454.1 | AH107: =IF(AND(B107="Premier League",E107="Live"),_xlfn.XLOOKUP(_xlfn.TEXTJOIN(" vs ",,C107:D107),Calendar!G:G,Calendar!B:B),IF(AND(B107="Premier League",E107="Highlights"),_xlfn.XLOOKUP(H107,Calendar!O:O,Calendar!N:N,,-1),""))
A108: CDT | B108: UEFA Champions League | C108: Benfica | D108: Fenerbahce | E108: Live | F108: 0.83333333 | H108: 45896 | I108: 2025/26 | J108: Wed | K108: Whistle-to-Whistle | L108: TNT Sports 2 | M108: TNT Sports | N108: 0.83333333 | O108: 0.91666667 | P108: 0.083333333 | Q108: 19.2 | R108: 0 | S108: 0.1453 | T108: 46.4 | U108: 0 | V108: 0 | W108: 0 | X108: 1.2 | Y108: 19.2 | Z108: 0 | AA108: 0.1495 | AB108: 46.4 | AH108: =IF(AND(B108="Premier League",E108="Live"),_xlfn.XLOOKUP(_xlfn.TEXTJOIN(" vs ",,C108:D108),Calendar!G:G,Calendar!B:B),IF(AND(B108="Premier League",E108="Highlights"),_xlfn.XLOOKUP(H108,Calendar!O:O,Calendar!N:N,,-1),""))
A109: CDT | B109: UEFA Champions League | C109: Club Brugge | D109: Rangers | E109: Live | F109: 0.83333333 | H109: 45896 | I109: 2025/26 | J109: Wed | K109: Whistle-to-Whistle | L109: TNT Sports 1 | M109: TNT Sports | N109: 0.83333333 | O109: 0.90902778 | P109: 0.075694444 | Q109: 222.1 | R109: 0.4 | S109: 1.6934 | T109: 289.1 | U109: 6.4 | V109: 0.1 | W109: 1.3457 | X109: 16.4 | Y109: 214.1 | Z109: 0.4 | AA109: 1.6791 | AB109: 283.4 | AH109: =IF(AND(B109="Premier League",E109="Live"),_xlfn.XLOOKUP(_xlfn.TEXTJOIN(" vs ",,C109:D109),Calendar!G:G,Calendar!B:B),IF(AND(B109="Premier League",E109="Highlights"),_xlfn.XLOOKUP(H109,Calendar!O:O,Calendar!N:N,,-1),""))
A110: CDT | B110: UEFA Champions League | C110: FC Copenhagen | D110: FC Basel | E110: Live | F110: 0.83333333 | H110: 45896 | I110: 2025/26 | J110: Wed | K110: Whistle-to-Whistle | L110: TNT Sports 3 | M110: TNT Sports | N110: 0.83402778 | O110: 0.91180556 | P110: 0.077777778 | Q110: 9.1 | R110: 0 | S110: 0.0691 | T110: 22.5 | U110: 0 | V110: 0 | W110: 0 | X110: - | Y110: 9.1 | Z110: 0 | AA110: 0.071 | AB110: 22.5 | AH110: =IF(AND(B110="Premier League",E110="Live"),_xlfn.XLOOKUP(_xlfn.TEXTJOIN(" vs ",,C110:D110),Calendar!G:G,Calendar!B:B),IF(AND(B110="Premier League",E110="Highlights"),_xlfn.XLOOKUP(H110,Calendar!O:O,Calendar!N:N,,-1),""))
A111: CDT | B111: Carabao Cup | E111: Highlights | F111: 0 | H111: 45897 | I111: 2025/26 | J111: Thu | K111: Carabao Cup Higlights | L111: ITV 4 | M111: ITV | N111: 1 | O111: 1.0625 | P111: 0.0625 | Q111: 66 | R111: 0.1 | S111: 3.4624 | T111: 105.6 | U111: 0 | V111: 0 | W111: 0 | X111: 1.6 | Y111: 66 | Z111: 0.1 | AA111: 3.5172 | AB111: 105.6 | AH111: =IF(AND(B111="Premier League",E111="Live"),_xlfn.XLOOKUP(_xlfn.TEXTJOIN(" vs ",,C111:D111),Calendar!G:G,Calendar!B:B),IF(AND(B111="Premier League",E111="Highlights"),_xlfn.XLOOKUP(H111,Calendar!O:O,Calendar!N:N,,-1),""))
A112: CDT | B112: UEFA Conference League | C112: Fredrikstad | D112: Crystal Palace | E112: Live | F112: 0.70833333 | H112: 45897 | I112: 2025/26 | J112: Thu | K112: Whistle-to-Whistle | L112: Channel 5 | M112: Channel | N112: 0.70833333 | O112: 0.78680556 | P112: 0.078472222 | Q112: 367.2 | R112: 0.6 | S112: 4.1956 | T112: 598.6 | U112: 15.1 | V112: 0.2 | W112: 9.8179 | X112: 37.5 | Y112: 359.6 | Z112: 0.7 | AA112: 4.2394 | AB112: 588.2 | AH112: =IF(AND(B112="Premier League",E112="Live"),_xlfn.XLOOKUP(_xlfn.TEXTJOIN(" vs ",,C112:D112),Calendar!G:G,Calendar!B:B),IF(AND(B112="Premier League",E112="Highlights"),_xlfn.XLOOKUP(H112,Calendar!O:O,Calendar!N:N,,-1),""))
A113: CDT | B113: UEFA Europa League | C113: FCSB | D113: Aberdeen | E113: Live | F113: 0.8125 | H113: 45897 | I113: 2025/26 | J113: Thu | K113: Whistle-to-Whistle | L113: BBC Scotland | M113: BBC | N113: 0.81319444 | O113: 0.89305556 | P113: 0.079861111 | Q113: 189.5 | R113: 0.3 | S113: 1.5637 | T113: 256.3 | U113: 7.7 | V113: 0.1 | W113: 2.885 | X113: 16.1 | Y113: 187.6 | Z113: 0.4 | AA113: 1.5914 | AB113: 253.1 | AH113: =IF(AND(B113="Premier League",E113="Live"),_xlfn.XLOOKUP(_xlfn.TEXTJOIN(" vs ",,C113:D113),Calendar!G:G,Calendar!B:B),IF(AND(B113="Premier League",E113="Highlights"),_xlfn.XLOOKUP(H113,Calendar!O:O,Calendar!N:N,,-1),""))
A114: CDT | B114: Sky Bet Championship | C114: Leicester City | D114: Birmingham City | E114: Live | F114: 0.83333333 | H114: 45898 | I114: 2025/26 | J114: Fri | K114: Whistle-to-Whistle | L114: Sky Sports Main Event | M114: Sky Sports | N114: 0.83333333 | O114: 0.91736111 | P114: 0.084027778 | Q114: 374.6 | R114: 0.6 | S114: 3.185 | T114: 443.1 | U114: 38.7 | V114: 0.5 | W114: 13.7088 | X114: 60 | Y114: 359.7 | Z114: 0.7 | AA114: 3.1187 | AB114: 432 | AH114: =IF(AND(B114="Premier League",E114="Live"),_xlfn.XLOOKUP(_xlfn.TEXTJOIN(" vs ",,C114:D114),Calendar!G:G,Calendar!B:B),IF(AND(B114="Premier League",E114="Highlights"),_xlfn.XLOOKUP(H114,Calendar!O:O,Calendar!N:N,,-1),""))
A115: CDT | B115: Sky Bet Championship | C115: Leicester City | D115: Birmingham City | E115: Live | F115: 0.83333333 | H115: 45898 | I115: 2025/26 | J115: Fri | K115: Whistle-to-Whistle | L115: Sky Sports Football | M115: Sky Sports | N115: 0.83333333 | O115: 0.91736111 | P115: 0.084027778 | Q115: 226.5 | R115: 0.4 | S115: 1.9258 | T115: 284.9 | U115: 5.5 | V115: 0.1 | W115: 1.9483 | X115: 18.2 | Y115: 217.7 | Z115: 0.4 | AA115: 1.8875 | AB115: 277.6 | AH115: =IF(AND(B115="Premier League",E115="Live"),_xlfn.XLOOKUP(_xlfn.TEXTJOIN(" vs ",,C115:D115),Calendar!G:G,Calendar!B:B),IF(AND(B115="Premier League",E115="Highlights"),_xlfn.XLOOKUP(H115,Calendar!O:O,Calendar!N:N,,-1),""))
A116: CDT | B116: Premier League | C116: Chelsea | D116: Fulham | E116: Live | F116: 0.52083333 | H116: 45899 | I116: 2025/26 | J116: Sat | K116: Whistle-to-Whistle | L116: TNT Sports 1 | M116: TNT Sports | N116: 0.52152778 | O116: 0.60694444 | P116: 0.085416667 | Q116: 785.8 | R116: 1.3 | S116: 13.2 | T116: 961.2 | U116: 139.5 | V116: 1.9 | W116: 48.9 | X116: 186.1 | Y116: 721.7 | Z116: 1.4 | AA116: 12.5 | AB116: 877.6 | AH116: =IF(AND(B116="Premier League",E116="Live"),_xlfn.XLOOKUP(_xlfn.TEXTJOIN(" vs ",,C116:D116),Calendar!G:G,Calendar!B:B),IF(AND(B116="Premier League",E116="Highlights"),_xlfn.XLOOKUP(H116,Calendar!O:O,Calendar!N:N,,-1),"")) -> #N/A
A117: CDT | B117: Premier League | C117: Leeds United | D117: Newcastle United | E117: Live | F117: 0.72916667 | H117: 45899 | I117: 2025/26 | J117: Sat | K117: Whistle-to-Whistle | L117: Sky Sports Main Event | M117: Sky Sports | N117: 0.72986111 | O117: 0.81111111 | P117: 0.08125 | Q117: 872 | R117: 1.4 | S117: 8.3 | T117: 1030.4 | U117: 88.8 | V117: 1.2 | W117: 23.8 | X117: 149.3 | Y117: 807.3 | Z117: 1.5 | AA117: 7.9 | AB117: 968.1 | AH117: =IF(AND(B117="Premier League",E117="Live"),_xlfn.XLOOKUP(_xlfn.TEXTJOIN(" vs ",,C117:D117),Calendar!G:G,Calendar!B:B),IF(AND(B117="Premier League",E117="Highlights"),_xlfn.XLOOKUP(H117,Calendar!O:O,Calendar!N:N,,-1),"")) -> #N/A
A118: CDT | B118: Premier League | C118: Leeds United | D118: Newcastle United | E118: Live | F118: 0.72916667 | H118: 45899 | I118: 2025/26 | J118: Sat | K118: Whistle-to-Whistle | L118: Sky Sports Premier League | M118: Sky Sports | N118: 0.72986111 | O118: 0.81111111 | P118: 0.08125 | Q118: 581.9 | R118: 0.9 | S118: 5.5 | T118: 656 | U118: 82.8 | V118: 1.1 | W118: 22.2 | X118: 94 | Y118: 541.9 | Z118: 1 | AA118: 5.3 | AB118: 617.8 | AH118: =IF(AND(B118="Premier League",E118="Live"),_xlfn.XLOOKUP(_xlfn.TEXTJOIN(" vs ",,C118:D118),Calendar!G:G,Calendar!B:B),IF(AND(B118="Premier League",E118="Highlights"),_xlfn.XLOOKUP(H118,Calendar!O:O,Calendar!N:N,,-1),"")) -> #N/A
A119: CDT | B119: Premier League | C119: Manchester United | D119: Burnley | E119: Near Live | F119: 0.85416667 | H119: 45899 | I119: 2024/25 | J119: Sat | K119: Whistle-to-Whistle | L119: Sky Sports Premier League | M119: Sky Sports | N119: 0.85763889 | O119: 0.93472222 | P119: 0.077083333 | Q119: 114 | R119: 0.2 | S119: 1.1 | T119: 164.4 | U119: 5.8 | V119: 0.1 | W119: 1.9 | X119: 8.7 | Y119: 109.9 | Z119: 0.2 | AA119: 1.1 | AB119: 155.5 | AH119: =IF(AND(B119="Premier League",E119="Live"),_xlfn.XLOOKUP(_xlfn.TEXTJOIN(" vs ",,C119:D119),Calendar!G:G,Calendar!B:B),IF(AND(B119="Premier League",E119="Highlights"),_xlfn.XLOOKUP(H119,Calendar!O:O,Calendar!N:N,,-1),""))
A120: CDT | B120: Premier League | E120: Highlights | F120: 0.93055556 | H120: 45899 | I120: 2025/26 | J120: Sat | K120: Match Of The Day | L120: BBC 1 | M120: BBC | N120: 0.93055556 | O120: 0.98564815 | P120: 0.054837963 | Q120: 2623.8 | R120: 4.2488 | S120: 35.9484 | T120: 3354.9 | U120: 168 | V120: 2.3112 | W120: 63.7571 | X120: 226.8 | Y120: 2512.9 | Z120: 4.7673 | AA120: 35.5125 | AB120: 3192.8 | AH120: =IF(AND(B120="Premier League",E120="Live"),_xlfn.XLOOKUP(_xlfn.TEXTJOIN(" vs ",,C120:D120),Calendar!G:G,Calendar!B:B),IF(AND(B120="Premier League",E120="Highlights"),_xlfn.XLOOKUP(H120,Calendar!O:O,Calendar!N:N,,-1),"")) -> Matchweek 01
A121: CDT | B121: Sky Bet Championship | C121: Middlesbrough | D121: Sheffield United | E121: Live | F121: 0.52083333 | H121: 45899 | I121: 2025/26 | J121: Sat | K121: Whistle-to-Whistle | L121: Sky Sports Main Event | M121: Sky Sports | N121: 0.52083333 | O121: 0.60208333 | P121: 0.08125 | Q121: 141.4 | R121: 0.2 | S121: 2.3835 | T121: 173.3 | U121: 6.9 | V121: 0.1 | W121: 2.4407 | X121: 23.7 | Y121: 140 | Z121: 0.3 | AA121: 2.4454 | AB121: 170.6 | AH121: =IF(AND(B121="Premier League",E121="Live"),_xlfn.XLOOKUP(_xlfn.TEXTJOIN(" vs ",,C121:D121),Calendar!G:G,Calendar!B:B),IF(AND(B121="Premier League",E121="Highlights"),_xlfn.XLOOKUP(H121,Calendar!O:O,Calendar!N:N,,-1),""))
A122: CDT | B122: Sky Bet Championship | C122: Middlesbrough | D122: Sheffield United | E122: Live | F122: 0.52083333 | H122: 45899 | I122: 2025/26 | J122: Sat | K122: Whistle-to-Whistle | L122: Sky Sports Football | M122: Sky Sports | N122: 0.52083333 | O122: 0.60208333 | P122: 0.08125 | Q122: 91.5 | R122: 0.1 | S122: 1.5424 | T122: 160 | U122: 13.4 | V122: 0.2 | W122: 4.74 | X122: 32.8 | Y122: 89.1 | Z122: 0.2 | AA122: 1.5563 | AB122: 146.3 | AH122: =IF(AND(B122="Premier League",E122="Live"),_xlfn.XLOOKUP(_xlfn.TEXTJOIN(" vs ",,C122:D122),Calendar!G:G,Calendar!B:B),IF(AND(B122="Premier League",E122="Highlights"),_xlfn.XLOOKUP(H122,Calendar!O:O,Calendar!N:N,,-1),""))
A123: CDT | B123: Sky Bet Championship | C123: QPR | D123: Charlton Athletic | E123: Live | F123: 0.52083333 | H123: 45899 | I123: 2025/26 | J123: Sat | K123: Whistle-to-Whistle | L123: Sky Sports+ | M123: Sky Sports | N123: 0.52083333 | O123: 0.60277778 | P123: 0.081944444 | Q123: 30.2 | R123: 0 | S123: 0.5087 | T123: 54.5 | U123: 1.9 | V123: 0 | W123: 0.6711 | X123: 18.6 | Y123: 30 | Z123: 0.1 | AA123: 0.5236 | AB123: 51.8 | AH123: =IF(AND(B123="Premier League",E123="Live"),_xlfn.XLOOKUP(_xlfn.TEXTJOIN(" vs ",,C123:D123),Calendar!G:G,Calendar!B:B),IF(AND(B123="Premier League",E123="Highlights"),_xlfn.XLOOKUP(H123,Calendar!O:O,Calendar!N:N,,-1),""))
A124: CDT | B124: Emirates FA cup | C124: Tadley Calleva | D124: Weymouth | E124: Live | F124: 0.52083333 | H124: 45899 | I124: 2025/26 | J124: Sat | K124: Whistle-to-Whistle | L124: BBC Red Button | M124: BBC | N124: 0.52152778 | O124: 0.60138889 | P124: 0.079861111 | Q124: 20.4 | R124: 0 | S124: 0.3437 | T124: 33.7 | U124: 7.4 | V124: 0.1 | W124: 2.6167 | X124: 8.4 | Y124: 20.4 | Z124: 0 | AA124: 0.3561 | AB124: 33.7 | AH124: =IF(AND(B124="Premier League",E124="Live"),_xlfn.XLOOKUP(_xlfn.TEXTJOIN(" vs ",,C124:D124),Calendar!G:G,Calendar!B:B),IF(AND(B124="Premier League",E124="Highlights"),_xlfn.XLOOKUP(H124,Calendar!O:O,Calendar!N:N,,-1),""))
A125: CDT | B125: Premier League | C125: Brighton & Hove Albion | D125: Manchester City | E125: Live | F125: 0.58333333 | H125: 45900 | I125: 2025/26 | J125: Sun | K125: Whistle-to-Whistle | L125: Sky Sports Main Event | M125: Sky Sports | N125: 0.58333333 | O125: 0.66597222 | P125: 0.082638889 | Q125: 839.6 | R125: 1.4 | S125: 11.4 | T125: 1522.6 | U125: 88.3 | V125: 1.2 | W125: 21 | X125: 167.9 | Y125: 762.7 | Z125: 1.4 | AA125: 10.7 | AB125: 1391.3 | AH125: =IF(AND(B125="Premier League",E125="Live"),_xlfn.XLOOKUP(_xlfn.TEXTJOIN(" vs ",,C125:D125),Calendar!G:G,Calendar!B:B),IF(AND(B125="Premier League",E125="Highlights"),_xlfn.XLOOKUP(H125,Calendar!O:O,Calendar!N:N,,-1),"")) -> #N/A
A126: CDT | B126: Premier League | C126: Nottingham Forest | D126: West Ham United | E126: Live | F126: 0.58333333 | H126: 45900 | I126: 2025/26 | J126: Sun | K126: Whistle-to-Whistle | L126: Sky Sports Premier League | M126: Sky Sports | N126: 0.58402778 | O126: 0.66458333 | P126: 0.080555556 | Q126: 400.9 | R126: 0.6 | S126: 5.5 | T126: 615.1 | U126: 53 | V126: 0.7 | W126: 12.6 | X126: 78 | Y126: 393.4 | Z126: 0.7 | AA126: 5.5 | AB126: 595.9 | AH126: =IF(AND(B126="Premier League",E126="Live"),_xlfn.XLOOKUP(_xlfn.TEXTJOIN(" vs ",,C126:D126),Calendar!G:G,Calendar!B:B),IF(AND(B126="Premier League",E126="Highlights"),_xlfn.XLOOKUP(H126,Calendar!O:O,Calendar!N:N,,-1),"")) -> #N/A
A127: CDT | B127: Premier League | C127: Liverpool | D127: Arsenal | E127: Live | F127: 0.6875 | H127: 45900 | I127: 2025/26 | J127: Sun | K127: Whistle-to-Whistle | L127: Sky Sports Main Event | M127: Sky Sports | N127: 0.6875 | O127: 0.76805556 | P127: 0.080555556 | Q127: 1972.5 | R127: 3.2 | S127: 19.9 | T127: 2264.6 | U127: 261.5 | V127: 3.6 | W127: 45.9 | X127: 326.9 | Y127: 1823.8 | Z127: 3.5 | AA127: 19.2 | AB127: 2098.5 | AH127: =IF(AND(B127="Premier League",E127="Live"),_xlfn.XLOOKUP(_xlfn.TEXTJOIN(" vs ",,C127:D127),Calendar!G:G,Calendar!B:B),IF(AND(B127="Premier League",E127="Highlights"),_xlfn.XLOOKUP(H127,Calendar!O:O,Calendar!N:N,,-1),"")) -> #N/A
A128: CDT | B128: Premier League | C128: Liverpool | D128: Arsenal | E128: Live | F128: 0.6875 | H128: 45900 | I128: 2025/26 | J128: Sun | K128: Whistle-to-Whistle | L128: Sky Sports Premier League | M128: Sky Sports | N128: 0.6875 | O128: 0.76805556 | P128: 0.080555556 | Q128: 1144.6 | R128: 1.9 | S128: 11.5 | T128: 1345.5 | U128: 160.8 | V128: 2.2 | W128: 28.2 | X128: 195.2 | Y128: 1072 | Z128: 2 | AA128: 11.3 | AB128: 1245.7 | AH128: =IF(AND(B128="Premier League",E128="Live"),_xlfn.XLOOKUP(_xlfn.TEXTJOIN(" vs ",,C128:D128),Calendar!G:G,Calendar!B:B),IF(AND(B128="Premier League",E128="Highlights"),_xlfn.XLOOKUP(H128,Calendar!O:O,Calendar!N:N,,-1),"")) -> #N/A
A129: CDT | B129: Premier League | C129: Aston Villa | D129: Crystal Palace | E129: Live | F129: 0.79166667 | H129: 45900 | I129: 2025/26 | J129: Sun | K129: Whistle-to-Whistle | L129: Sky Sports Main Event | M129: Sky Sports | N129: 0.79236111 | O129: 0.87361111 | P129: 0.08125 | Q129: 636.1 | R129: 1 | S129: 5.2 | T129: 800.9 | U129: 130.6 | V129: 1.8 | W129: 28.2 | X129: 152.3 | Y129: 577.7 | Z129: 1.1 | AA129: 4.9 | AB129: 711.9 | AH129: =IF(AND(B129="Premier League",E129="Live"),_xlfn.XLOOKUP(_xlfn.TEXTJOIN(" vs ",,C129:D129),Calendar!G:G,Calendar!B:B),IF(AND(B129="Premier League",E129="Highlights"),_xlfn.XLOOKUP(H129,Calendar!O:O,Calendar!N:N,,-1),"")) -> #N/A
A130: CDT | B130: Premier League | C130: Aston Villa | D130: Crystal Palace | E130: Live | F130: 0.79166667 | H130: 45900 | I130: 2025/26 | J130: Sun | K130: Whistle-to-Whistle | L130: Sky Sports Premier League | M130: Sky Sports | N130: 0.79236111 | O130: 0.87361111 | P130: 0.08125 | Q130: 431.3 | R130: 0.7 | S130: 3.5 | T130: 512.2 | U130: 66.1 | V130: 0.9 | W130: 14.3 | X130: 88.6 | Y130: 417 | Z130: 0.8 | AA130: 3.5 | AB130: 500 | AH130: =IF(AND(B130="Premier League",E130="Live"),_xlfn.XLOOKUP(_xlfn.TEXTJOIN(" vs ",,C130:D130),Calendar!G:G,Calendar!B:B),IF(AND(B130="Premier League",E130="Highlights"),_xlfn.XLOOKUP(H130,Calendar!O:O,Calendar!N:N,,-1),"")) -> #N/A
A131: CDT | B131: Premier League | E131: Highlights | F131: 0.36111111 | H131: 45900 | I131: 2025/26 | J131: Sun | K131: Match Of The Day Repeat | L131: BBC 1 | M131: BBC | N131: 0.36111111 | O131: 0.41592593 | P131: 0.054814815 | Q131: 844.8 | R131: 1.368 | S131: 20.2945 | T131: 960.7 | U131: 15 | V131: 0.2064 | W131: 13.7363 | X131: 28.6 | Y131: 817 | Z131: 1.55 | AA131: 20.3807 | AB131: 934.7 | AH131: =IF(AND(B131="Premier League",E131="Live"),_xlfn.XLOOKUP(_xlfn.TEXTJOIN(" vs ",,C131:D131),Calendar!G:G,Calendar!B:B),IF(AND(B131="Premier League",E131="Highlights"),_xlfn.XLOOKUP(H131,Calendar!O:O,Calendar!N:N,,-1),"")) -> Matchweek 01
...

Sheet CDT Aggregated Audiences
A1: x
A2: x
A3: x
A4: x
A5: x
A6: x
A7: x
A8: x | Q8: All Individuals 4+ (1 Minute) | U8: Men 16-34 (1 Minute) | Y8: Adults 16+ (1 Minute)
A9: Type | B9: Competition | C9: Home Team | D9: Away Team | E9: Type of programme | F9: Time slot | G9: TV Package | H9: Date | I9: Season | J9: Day | K9: Programme Title | L9: Channel | M9: Broadcaster | N9: Start Time | O9: End Time | P9: Duration | Q9: 000's | R9: TVR | S9: Share | T9: Peak | U9: 000's | V9: TVR | W9: Share | X9: Peak | Y9: 000's | Z9: TVR | AA9: Share | AB9: Peak | AC9: OTT Total Audience | AD9: PC/Laptop | AE9: Tablet | AF9: Smart Phone | AG9: Match Type | AH9: Matchweek | AI9: Match ID | AJ9: MOTD ID
A10: CDT | B10: Scottish Premiership | C10: Motherwell | D10: Rangers | E10: Live | F10: 0.72916667 | H10: 45871 | I10: 2025/26 | J10: Sat | K10: Whistle-to-Whistle | L10: Sky Sports Main Event | M10: Sky Sports | N10: 0.72916667 | O10: 0.80694444 | P10: 0.077777778 | Q10: 271 | R10: 0.439 | S10: 3.134 | T10: 381.1 | U10: 28.1 | V10: 0.386 | W10: 12.506 | X10: 63.9 | Y10: 267.5 | Z10: 0.507 | AA10: 3.216 | AB10: 373.8 | AH10: =IF(AND(B10="Premier League",E10="Live"),_xlfn.XLOOKUP(_xlfn.TEXTJOIN(" vs ",,C10:D10),Calendar!G:G,Calendar!B:B),IF(AND(B10="Premier League",E10="Highlights"),_xlfn.XLOOKUP(H10,Calendar!O:O,Calendar!N:N,,-1),"")) | AI10: =IF(AND(AH10<>"",E10="Live"),_xlfn.XLOOKUP(_xlfn.TEXTJOIN(" vs ",,C10:D10),Calendar!G:G,Calendar!K:K),"") | AJ10: =IF(AND(K10<>"Match of the Day",K10<>"Match of the Day 2",K10<>"Match of the Day Repeat"),"",1+MAX(#REF!))
A11: CDT | B11: Sky Bet League One | C11: Stockport County | D11: Bolton Wanderers | E11: Live | F11: 0.5 | H11: 45872 | I11: 2025/26 | J11: Sun | K11: Whistle-to-Whistle | L11: Sky Sports Football | M11: Sky Sports | N11: 0.5 | O11: 0.53333333 | P11: 0.033333333 | Q11: 98.6 | R11: 0.16 | S11: 1.905 | T11: 120.8 | U11: 13.5 | V11: 0.186 | W11: 8.113 | X11: 15.3 | Y11: 89.3 | Z11: 0.169 | AA11: 1.778 | AB11: 111.5 | AH11: =IF(AND(B11="Premier League",E11="Live"),_xlfn.XLOOKUP(_xlfn.TEXTJOIN(" vs ",,C11:D11),Calendar!G:G,Calendar!B:B),IF(AND(B11="Premier League",E11="Highlights"),_xlfn.XLOOKUP(H11,Calendar!O:O,Calendar!N:N,,-1),"")) | AI11: =IF(AND(AH11<>"",E11="Live"),_xlfn.XLOOKUP(_xlfn.TEXTJOIN(" vs ",,C11:D11),Calendar!G:G,Calendar!K:K),"") | AJ11: =IF(AND(K11<>"Match of the Day",K11<>"Match of the Day 2",K11<>"Match of the Day Repeat"),"",1+MAX($AJ$10:AJ10))
A12: CDT | B12: Scottish Premiership | C12: Falkirk | D12: Dundee United | E12: Live | F12: 0.58333333 | H12: 45872 | I12: 2025/26 | J12: Sun | K12: Whistle-to-Whistle | L12: Sky Sports Football | M12: Sky Sports | N12: 0.58333333 | O12: 0.6625 | P12: 0.079166667 | Q12: 82.7 | R12: 0.134 | S12: 1.185 | T12: 160 | U12: 10.9 | V12: 0.15 | W12: 4.115 | X12: 19.2 | Y12: 82 | Z12: 0.156 | AA12: 1.213 | AB12: 156.8 | AH12: =IF(AND(B12="Premier League",E12="Live"),_xlfn.XLOOKUP(_xlfn.TEXTJOIN(" vs ",,C12:D12),Calendar!G:G,Calendar!B:B),IF(AND(B12="Premier League",E12="Highlights"),_xlfn.XLOOKUP(H12,Calendar!O:O,Calendar!N:N,,-1),"")) | AI12: =IF(AND(AH12<>"",E12="Live"),_xlfn.XLOOKUP(_xlfn.TEXTJOIN(" vs ",,C12:D12),Calendar!G:G,Calendar!K:K),"") | AJ12: =IF(AND(K12<>"Match of the Day",K12<>"Match of the Day 2",K12<>"Match of the Day Repeat"),"",1+MAX($AJ$10:AJ11))
